,type,paperless_billing,payment_method,monthly_charges,total_charges,gender,senior_citizen,partner,dependents,internet_service,online_security,online_backup,device_protection,tech_support,streaming_tv,streaming_movies,multiple_lines,tenure_days
402,Month-to-month,Yes,Credit card (automatic),99.45,7007.6,Male,No,Yes,Yes,Fiber optic,No,No,Yes,No,Yes,Yes,Yes,2101
1292,Two year,No,Bank transfer (automatic),84.5,5193.2,Female,No,No,No,DSL,No,Yes,Yes,Yes,Yes,Yes,Yes,1888
1175,Month-to-month,Yes,Credit card (automatic),80.0,1029.35,Female,No,No,No,Fiber optic,Yes,No,No,No,No,No,Yes,396
4600,Two year,No,Mailed check,115.85,6567.9,Male,No,Yes,Yes,Fiber optic,Yes,Yes,Yes,Yes,Yes,Yes,Yes,1706
3464,Month-to-month,Yes,Bank transfer (automatic),83.85,2674.15,Female,No,Yes,No,Fiber optic,No,Yes,No,No,No,Yes,No,945
2978,Month-to-month,Yes,Electronic check,85.95,2107.15,Male,No,No,No,Fiber optic,No,Yes,Yes,Yes,No,No,No,730
212,Two year,No,Mailed check,19.75,1124.2,Male,No,No,Yes,No service,No service,No service,No service,No service,No service,No service,No,1857
5103,One year,Yes,Bank transfer (automatic),82.85,2320.8,Female,No,Yes,Yes,Fiber optic,Yes,No,No,No,No,Yes,No,853
5143,One year,Yes,Mailed check,87.2,4345.0,Female,No,Yes,Yes,DSL,Yes,Yes,Yes,Yes,Yes,Yes,No,1492
6906,Two year,Yes,Mailed check,18.7,383.65,Female,No,Yes,Yes,No service,No service,No service,No service,No service,No service,No service,No,761
4654,One year,Yes,Electronic check,19.05,761.85,Female,No,Yes,Yes,No service,No service,No service,No service,No service,No service,No service,No,1279
64,Month-to-month,No,Electronic check,94.4,857.25,Female,No,No,No,Fiber optic,No,No,No,No,Yes,Yes,Yes,275
1468,One year,Yes,Bank transfer (automatic),92.3,5731.45,Male,No,No,No,Fiber optic,Yes,Yes,No,No,No,Yes,Yes,1888
4478,Month-to-month,Yes,Electronic check,54.2,140.4,Female,No,No,No,DSL,No,No,No,No,Yes,No,No,92
5592,Two year,No,Mailed check,19.75,265.75,Male,No,No,No,No service,No service,No service,No service,No service,No service,No service,No,396
4402,Month-to-month,Yes,Credit card (automatic),48.95,1880.85,Male,No,No,No,DSL,Yes,Yes,No,Yes,Yes,No,No service,1187
3679,Month-to-month,Yes,Mailed check,20.1,20.1,Male,No,No,No,No service,No service,No service,No service,No service,No service,No service,No,31
5613,Two year,Yes,Bank transfer (automatic),70.45,5165.7,Female,No,Yes,Yes,DSL,Yes,Yes,Yes,Yes,No,No,Yes,2191
6973,One year,Yes,Electronic check,94.0,4871.45,Female,Yes,Yes,No,Fiber optic,No,Yes,Yes,Yes,Yes,No,No,1614
4070,Month-to-month,Yes,Electronic check,74.0,4052.4,Male,Yes,Yes,No,Fiber optic,No,No,No,No,No,No,Yes,1676
4740,Month-to-month,No,Bank transfer (automatic),39.1,971.3,Male,Yes,Yes,No,DSL,Yes,No,No,No,No,Yes,No service,730
6332,Two year,Yes,Bank transfer (automatic),105.25,7173.15,Male,No,Yes,Yes,Fiber optic,Yes,Yes,Yes,No,Yes,Yes,No,2071
805,Two year,Yes,Bank transfer (automatic),76.8,5468.45,Female,No,Yes,Yes,DSL,No,No,Yes,No,Yes,Yes,Yes,2191
6519,One year,Yes,Electronic check,91.35,5764.7,Male,No,Yes,Yes,Fiber optic,No,Yes,No,No,No,Yes,Yes,1918
4162,Two year,No,Bank transfer (automatic),65.7,4575.35,Female,No,Yes,Yes,DSL,Yes,Yes,Yes,Yes,Yes,Yes,No service,2191
3283,One year,Yes,Credit card (automatic),20.35,1442.65,Female,No,Yes,Yes,No service,No service,No service,No service,No service,No service,No service,No,2102
5560,Month-to-month,No,Credit card (automatic),94.15,5731.85,Male,No,Yes,No,Fiber optic,No,Yes,Yes,Yes,No,Yes,No,1857
1207,Month-to-month,Yes,Credit card (automatic),69.4,571.45,Female,No,No,Yes,DSL,No,No,No,Yes,Yes,Yes,No,276
5202,Two year,Yes,Mailed check,111.1,6555.2,Male,No,Yes,Yes,Fiber optic,Yes,Yes,No,Yes,Yes,Yes,Yes,1798
2296,Month-to-month,No,Electronic check,45.2,45.2,Male,Yes,No,No,DSL,No,No,No,No,No,No,No,31
3202,Month-to-month,Yes,Electronic check,55.25,55.25,Male,No,No,No,DSL,No,No,No,No,No,Yes,No,31
3394,One year,No,Electronic check,61.55,1581.95,Male,No,No,No,DSL,Yes,Yes,No,No,No,No,Yes,792
3708,Two year,No,Mailed check,20.4,231.45,Male,No,No,No,No service,No service,No service,No service,No service,No service,No service,No,337
3743,Month-to-month,No,Electronic check,49.35,219.65,Male,No,No,Yes,DSL,Yes,No,No,No,No,No,No,122
4474,Two year,No,Credit card (automatic),53.35,3090.05,Male,No,No,No,DSL,No,No,Yes,Yes,Yes,Yes,No service,1737
6939,One year,Yes,Electronic check,89.2,3251.3,Male,No,No,No,Fiber optic,Yes,No,No,Yes,No,Yes,No,1067
5091,Month-to-month,Yes,Credit card (automatic),30.5,208.7,Male,No,No,No,DSL,No,Yes,No,No,No,No,No service,184
4008,One year,Yes,Electronic check,56.15,2898.95,Female,No,Yes,Yes,DSL,No,No,Yes,Yes,Yes,Yes,No service,1553
5381,Month-to-month,Yes,Electronic check,78.9,2447.95,Male,No,Yes,No,Fiber optic,No,No,Yes,No,No,No,Yes,975
5067,Month-to-month,No,Bank transfer (automatic),66.3,1923.5,Female,No,Yes,Yes,DSL,Yes,No,No,Yes,No,Yes,No,914
6426,One year,No,Bank transfer (automatic),50.05,2029.05,Female,No,No,No,DSL,No,No,No,Yes,No,No,No,1248
1731,Month-to-month,Yes,Electronic check,69.6,69.6,Female,Yes,No,No,Fiber optic,No,No,No,No,No,No,No,31
5222,Month-to-month,Yes,Bank transfer (automatic),65.5,573.15,Female,No,No,No,DSL,Yes,Yes,Yes,No,No,No,Yes,245
2338,Two year,No,Bank transfer (automatic),19.95,1322.85,Male,No,Yes,Yes,No service,No service,No service,No service,No service,No service,No service,No,2191
2156,Month-to-month,No,Electronic check,80.55,184.1,Female,No,No,No,Fiber optic,No,No,No,No,No,Yes,No,61
6678,Two year,No,Credit card (automatic),20.85,467.5,Male,No,No,Yes,No service,No service,No service,No service,No service,No service,No service,No,580
2282,Month-to-month,Yes,Credit card (automatic),99.5,6822.15,Male,Yes,Yes,Yes,Fiber optic,No,No,Yes,No,Yes,Yes,Yes,2010
3727,Month-to-month,Yes,Electronic check,96.6,291.9,Female,No,No,No,Fiber optic,No,No,No,No,Yes,Yes,Yes,92
6435,Two year,No,Mailed check,50.2,2554.0,Male,No,Yes,Yes,DSL,No,Yes,Yes,Yes,Yes,No,No service,1584
2043,Month-to-month,No,Electronic check,69.65,1043.3,Male,Yes,No,No,Fiber optic,No,No,No,No,No,No,No,488
5422,Two year,No,Credit card (automatic),62.65,4375.8,Male,No,Yes,Yes,DSL,Yes,Yes,Yes,Yes,No,No,No,2071
447,Two year,Yes,Bank transfer (automatic),25.05,1270.25,Female,No,Yes,Yes,No service,No service,No service,No service,No service,No service,No service,Yes,1584
1992,Month-to-month,Yes,Electronic check,83.55,1329.15,Female,No,No,No,Fiber optic,No,Yes,No,No,Yes,No,No,518
4152,Two year,No,Bank transfer (automatic),76.15,4929.55,Male,No,Yes,No,DSL,Yes,No,Yes,Yes,No,Yes,Yes,1979
3359,Month-to-month,Yes,Mailed check,19.95,416.4,Male,No,No,No,No service,No service,No service,No service,No service,No service,No service,No,641
4365,Two year,No,Credit card (automatic),79.8,5034.05,Male,No,Yes,No,DSL,No,No,Yes,Yes,Yes,Yes,Yes,1918
2521,Month-to-month,Yes,Credit card (automatic),85.25,3132.75,Male,Yes,Yes,No,Fiber optic,No,No,No,No,No,Yes,Yes,1095
610,Month-to-month,Yes,Electronic check,29.95,248.95,Male,No,Yes,Yes,DSL,No,Yes,No,No,No,No,No service,273
1557,Month-to-month,Yes,Electronic check,67.25,832.3,Male,No,No,No,DSL,Yes,Yes,No,Yes,No,No,Yes,365
1644,Month-to-month,Yes,Mailed check,109.8,3587.25,Female,No,No,No,Fiber optic,Yes,Yes,Yes,No,Yes,Yes,Yes,1036
4824,One year,Yes,Credit card (automatic),97.25,7133.1,Male,Yes,Yes,No,Fiber optic,No,Yes,No,No,Yes,Yes,Yes,2191
3767,Two year,Yes,Credit card (automatic),110.9,8240.85,Male,No,Yes,No,Fiber optic,Yes,No,Yes,Yes,Yes,Yes,Yes,2191
4589,Two year,No,Mailed check,20.15,220.8,Female,No,Yes,Yes,No service,No service,No service,No service,No service,No service,No service,No,306
1577,One year,No,Bank transfer (automatic),98.6,1704.95,Female,No,Yes,Yes,Fiber optic,No,No,Yes,Yes,Yes,Yes,No,518
5302,Month-to-month,Yes,Electronic check,65.5,616.9,Female,No,Yes,Yes,DSL,No,Yes,No,Yes,No,Yes,No,306
2079,Month-to-month,Yes,Electronic check,106.05,7554.05,Male,No,Yes,Yes,Fiber optic,Yes,Yes,No,No,Yes,Yes,Yes,2132
3419,Two year,Yes,Mailed check,92.15,6480.9,Male,No,Yes,Yes,Fiber optic,No,Yes,No,Yes,Yes,No,No,2102
3317,One year,No,Credit card (automatic),70.8,4448.8,Male,No,Yes,No,DSL,Yes,Yes,No,Yes,Yes,No,No,1918
18,Month-to-month,No,Credit card (automatic),55.2,528.35,Female,No,Yes,Yes,DSL,No,No,Yes,Yes,No,No,No,304
6725,Month-to-month,No,Bank transfer (automatic),19.5,805.2,Female,No,Yes,No,No service,No service,No service,No service,No service,No service,No service,No,1126
5706,Month-to-month,Yes,Electronic check,75.7,75.7,Female,No,No,No,Fiber optic,No,Yes,No,No,No,No,No,31
1388,Month-to-month,Yes,Credit card (automatic),58.35,740.55,Female,No,Yes,Yes,DSL,No,No,Yes,No,Yes,No,No,365
7036,One year,No,Electronic check,60.65,743.3,Female,No,No,No,DSL,No,Yes,Yes,Yes,Yes,Yes,No service,365
2457,One year,Yes,Electronic check,90.65,5199.8,Male,Yes,Yes,No,Fiber optic,No,Yes,Yes,No,Yes,No,No,1737
796,One year,No,Credit card (automatic),81.7,2548.65,Male,No,No,No,Fiber optic,No,No,No,Yes,No,No,Yes,945
3088,Two year,No,Mailed check,81.0,3846.35,Male,No,Yes,Yes,DSL,Yes,No,Yes,Yes,Yes,Yes,No,1401
3306,Month-to-month,Yes,Electronic check,80.0,241.3,Female,No,Yes,Yes,Fiber optic,No,Yes,No,Yes,No,No,No,92
4810,Month-to-month,No,Electronic check,89.85,1424.95,Female,Yes,No,No,Fiber optic,No,Yes,No,No,No,Yes,Yes,456
1766,One year,Yes,Mailed check,20.55,583.3,Female,No,Yes,Yes,No service,No service,No service,No service,No service,No service,No service,No,822
5379,One year,Yes,Electronic check,98.0,5270.6,Female,No,Yes,No,Fiber optic,Yes,No,No,No,Yes,Yes,Yes,1706
2154,Two year,No,Mailed check,19.75,498.1,Female,No,No,Yes,No service,No service,No service,No service,No service,No service,No service,No,730
3050,Month-to-month,Yes,Credit card (automatic),85.4,425.9,Female,No,No,No,Fiber optic,No,No,No,Yes,No,Yes,No,153
352,Month-to-month,Yes,Electronic check,89.15,574.35,Female,Yes,No,No,Fiber optic,No,No,No,No,Yes,Yes,No,215
5268,Two year,No,Bank transfer (automatic),86.9,6194.1,Male,No,Yes,Yes,DSL,Yes,No,Yes,Yes,Yes,Yes,Yes,2102
265,Two year,No,Mailed check,88.1,5526.75,Female,No,Yes,Yes,DSL,Yes,Yes,Yes,Yes,Yes,Yes,Yes,1857
6081,Month-to-month,Yes,Credit card (automatic),49.8,49.8,Male,No,No,No,DSL,Yes,No,No,No,No,No,No,31
6363,Month-to-month,Yes,Electronic check,74.85,708.2,Female,No,No,No,Fiber optic,Yes,No,No,No,No,No,No,276
3762,Month-to-month,Yes,Electronic check,49.0,749.25,Male,No,No,No,DSL,No,No,No,No,No,No,Yes,457
303,Two year,No,Credit card (automatic),60.3,4109.0,Female,No,Yes,Yes,DSL,No,Yes,Yes,Yes,Yes,Yes,No service,2071
4552,Month-to-month,Yes,Credit card (automatic),20.45,147.55,Female,No,No,No,No service,No service,No service,No service,No service,No service,No service,No,276
6434,Month-to-month,Yes,Electronic check,50.5,50.5,Male,No,No,No,DSL,No,No,Yes,No,No,No,No,31
3155,One year,No,Mailed check,19.85,535.05,Male,No,No,Yes,No service,No service,No service,No service,No service,No service,No service,No,883
1544,Month-to-month,Yes,Mailed check,50.0,1474.9,Male,No,Yes,No,DSL,No,No,Yes,No,No,No,No,914
4533,Two year,Yes,Bank transfer (automatic),105.15,7555.0,Female,No,Yes,No,Fiber optic,No,Yes,Yes,No,Yes,Yes,Yes,2163
2493,Month-to-month,Yes,Electronic check,90.75,512.25,Female,No,Yes,No,Fiber optic,No,Yes,No,No,No,Yes,Yes,184
1560,One year,No,Bank transfer (automatic),45.05,1790.6,Male,No,No,Yes,DSL,Yes,No,No,Yes,Yes,No,No service,1187
2292,Two year,No,Credit card (automatic),91.3,4965.0,Female,No,Yes,Yes,DSL,Yes,Yes,Yes,Yes,Yes,Yes,Yes,1645
2086,Month-to-month,No,Electronic check,80.85,1400.85,Male,No,Yes,Yes,Fiber optic,No,No,No,No,Yes,No,No,518
5105,One year,Yes,Credit card (automatic),99.2,4062.2,Female,Yes,Yes,No,Fiber optic,No,Yes,No,Yes,Yes,Yes,No,1217
821,Two year,Yes,Credit card (automatic),79.15,3566.6,Male,No,Yes,Yes,DSL,Yes,No,Yes,Yes,Yes,Yes,No,1310
1040,Month-to-month,No,Credit card (automatic),90.45,1266.1,Male,Yes,No,No,Fiber optic,No,No,No,No,Yes,Yes,No,426
6485,Month-to-month,Yes,Mailed check,73.55,4764.0,Male,No,Yes,No,Fiber optic,Yes,No,No,No,No,No,No,1949
4234,One year,No,Mailed check,19.05,326.65,Female,No,No,No,No service,No service,No service,No service,No service,No service,No service,No,488
6650,Month-to-month,No,Mailed check,20.2,123.65,Female,No,No,No,No service,No service,No service,No service,No service,No service,No service,No,184
6727,Month-to-month,No,Electronic check,45.3,528.45,Female,Yes,Yes,No,DSL,No,No,No,No,Yes,Yes,No service,396
453,Month-to-month,Yes,Electronic check,81.05,2227.1,Female,No,Yes,Yes,Fiber optic,No,No,No,No,No,Yes,No,852
5787,Month-to-month,Yes,Electronic check,87.55,3078.1,Female,No,No,No,Fiber optic,No,No,Yes,Yes,No,Yes,No,1095
1883,Month-to-month,Yes,Bank transfer (automatic),100.5,3653.35,Female,Yes,Yes,No,Fiber optic,Yes,Yes,No,Yes,Yes,No,Yes,1064
277,Month-to-month,Yes,Bank transfer (automatic),64.95,1339.8,Male,Yes,Yes,No,DSL,Yes,Yes,No,No,No,Yes,No,641
935,Month-to-month,Yes,Electronic check,83.25,308.05,Female,Yes,Yes,No,Fiber optic,No,No,No,No,Yes,No,Yes,123
4300,One year,No,Bank transfer (automatic),24.6,605.25,Female,No,No,No,No service,No service,No service,No service,No service,No service,No service,Yes,730
959,Month-to-month,Yes,Electronic check,86.1,2723.75,Female,No,Yes,Yes,Fiber optic,No,Yes,No,No,Yes,No,No,975
3656,Two year,No,Mailed check,49.8,2398.4,Male,Yes,Yes,No,DSL,No,Yes,No,No,No,No,No,1492
3940,Month-to-month,Yes,Bank transfer (automatic),25.15,468.35,Male,No,No,No,DSL,No,No,No,No,No,No,No service,580
2286,Month-to-month,Yes,Credit card (automatic),64.4,581.7,Male,Yes,Yes,No,DSL,No,No,Yes,Yes,No,Yes,No,245
6779,Month-to-month,Yes,Mailed check,45.0,1242.45,Male,No,No,Yes,DSL,Yes,Yes,Yes,Yes,No,No,No service,883
4305,Two year,Yes,Mailed check,19.55,521.8,Female,No,Yes,No,No service,No service,No service,No service,No service,No service,No service,No,883
1999,Month-to-month,Yes,Electronic check,74.95,1710.45,Male,No,No,No,Fiber optic,No,No,No,No,No,No,Yes,700
3707,Two year,No,Bank transfer (automatic),19.9,1356.7,Male,No,Yes,Yes,No service,No service,No service,No service,No service,No service,No service,No,2102
1760,One year,No,Bank transfer (automatic),54.9,2614.1,Male,No,Yes,Yes,DSL,No,No,Yes,No,No,No,Yes,1523
1688,Two year,No,Mailed check,20.15,804.85,Female,No,No,No,No service,No service,No service,No service,No service,No service,No service,No,1218
5902,Month-to-month,No,Mailed check,50.85,466.6,Female,No,Yes,No,DSL,No,Yes,No,No,No,No,No,276
4543,One year,No,Bank transfer (automatic),19.5,798.2,Male,No,Yes,Yes,No service,No service,No service,No service,No service,No service,No service,No,1248
6433,Two year,No,Credit card (automatic),20.5,1191.4,Female,No,Yes,Yes,No service,No service,No service,No service,No service,No service,No service,No,1767
4748,One year,No,Credit card (automatic),20.3,467.15,Male,No,No,No,No service,No service,No service,No service,No service,No service,No service,No,671
3377,Two year,No,Credit card (automatic),25.05,1629.2,Male,No,Yes,No,No service,No service,No service,No service,No service,No service,No service,Yes,2071
4301,Two year,Yes,Mailed check,19.75,1344.5,Male,No,Yes,Yes,No service,No service,No service,No service,No service,No service,No service,No,2010
4802,Month-to-month,No,Bank transfer (automatic),54.65,1517.5,Female,No,No,No,DSL,No,Yes,No,Yes,No,No,No,853
3541,Month-to-month,No,Bank transfer (automatic),40.65,2070.75,Female,No,Yes,No,DSL,Yes,No,No,No,Yes,No,No service,1492
5133,Month-to-month,Yes,Electronic check,104.25,2433.9,Male,Yes,Yes,No,Fiber optic,No,Yes,Yes,No,Yes,Yes,Yes,730
884,One year,Yes,Credit card (automatic),35.8,1782.0,Female,No,Yes,Yes,DSL,Yes,No,No,Yes,No,No,No service,1492
5219,Month-to-month,No,Mailed check,20.6,20.6,Male,No,No,No,No service,No service,No service,No service,No service,No service,No service,No,31
984,Two year,No,Bank transfer (automatic),23.75,1679.25,Female,No,Yes,Yes,No service,No service,No service,No service,No service,No service,No service,Yes,2191
2210,Two year,No,Electronic check,104.0,7028.5,Female,No,No,No,Fiber optic,No,No,Yes,Yes,Yes,Yes,Yes,2102
2036,Month-to-month,No,Electronic check,74.3,74.3,Male,Yes,Yes,No,Fiber optic,No,No,No,No,No,No,Yes,31
3536,Month-to-month,Yes,Mailed check,79.15,79.15,Female,No,No,No,Fiber optic,No,Yes,No,No,No,No,Yes,31
2759,Month-to-month,No,Bank transfer (automatic),19.65,19.65,Male,No,No,No,No service,No service,No service,No service,No service,No service,No service,No,31
6416,Two year,No,Electronic check,43.9,3097.2,Male,No,No,No,DSL,Yes,No,No,Yes,Yes,No,No service,2041
4224,Two year,No,Mailed check,19.6,1416.5,Female,No,Yes,No,No service,No service,No service,No service,No service,No service,No service,No,2163
6977,Month-to-month,Yes,Mailed check,49.7,1218.25,Male,No,No,No,DSL,No,Yes,No,No,No,No,No,730
2900,Month-to-month,Yes,Electronic check,69.25,69.25,Female,Yes,Yes,Yes,Fiber optic,No,No,No,No,No,No,No,31
6107,Month-to-month,No,Mailed check,19.95,19.95,Male,No,No,No,No service,No service,No service,No service,No service,No service,No service,No,31
6875,Two year,No,Credit card (automatic),19.45,1208.6,Female,No,Yes,No,No service,No service,No service,No service,No service,No service,No service,No,1949
1750,Two year,Yes,Bank transfer (automatic),89.7,4304.5,Female,No,No,No,Fiber optic,No,No,Yes,Yes,No,Yes,No,1523
2776,Month-to-month,Yes,Credit card (automatic),74.3,1178.25,Male,Yes,Yes,No,Fiber optic,No,Yes,No,No,No,No,No,488
3293,Month-to-month,Yes,Electronic check,64.0,370.25,Female,No,No,No,DSL,No,Yes,No,No,No,Yes,Yes,153
2081,Month-to-month,Yes,Credit card (automatic),75.3,1702.9,Female,No,Yes,Yes,Fiber optic,No,No,Yes,No,No,No,No,702
1381,Month-to-month,No,Mailed check,70.7,129.2,Male,No,No,No,Fiber optic,No,No,No,No,No,No,No,62
203,Month-to-month,Yes,Credit card (automatic),78.3,1033.95,Male,No,No,Yes,Fiber optic,No,No,No,No,Yes,No,No,396
6182,Two year,No,Credit card (automatic),88.7,6501.35,Male,No,Yes,Yes,DSL,Yes,Yes,Yes,Yes,Yes,Yes,Yes,2191
1584,Two year,Yes,Bank transfer (automatic),53.5,3517.9,Female,Yes,No,No,DSL,No,Yes,Yes,No,Yes,Yes,No service,1979
4455,Month-to-month,Yes,Mailed check,50.45,50.45,Female,No,No,No,DSL,No,No,Yes,No,No,No,No,31
4984,Month-to-month,No,Bank transfer (automatic),59.65,2536.55,Female,No,No,No,DSL,Yes,Yes,Yes,No,No,No,No,1279
700,Two year,Yes,Bank transfer (automatic),63.3,4189.7,Male,No,Yes,Yes,DSL,No,No,Yes,No,Yes,No,Yes,2010
1045,Month-to-month,Yes,Bank transfer (automatic),99.3,4209.95,Female,No,Yes,Yes,Fiber optic,No,No,Yes,No,Yes,Yes,Yes,1310
5773,Month-to-month,No,Electronic check,60.55,1982.6,Female,No,No,No,DSL,Yes,Yes,Yes,No,No,No,No,1067
1653,Two year,No,Mailed check,20.75,1185.95,Male,No,Yes,No,No service,No service,No service,No service,No service,No service,No service,No,1767
3185,Month-to-month,No,Mailed check,25.05,25.05,Female,Yes,No,No,DSL,No,No,No,No,No,No,No service,31
249,One year,Yes,Electronic check,99.0,4298.45,Male,No,No,No,Fiber optic,Yes,Yes,Yes,No,No,Yes,Yes,1279
3721,Month-to-month,No,Mailed check,20.65,38.7,Female,No,No,No,No service,No service,No service,No service,No service,No service,No service,No,61
2797,Month-to-month,Yes,Electronic check,100.95,329.95,Male,No,No,No,Fiber optic,No,No,Yes,No,Yes,Yes,Yes,91
7041,Month-to-month,Yes,Mailed check,74.4,306.6,Male,Yes,Yes,No,Fiber optic,No,No,No,No,No,No,Yes,123
747,Month-to-month,No,Mailed check,75.05,202.9,Female,Yes,No,No,Fiber optic,No,No,Yes,No,No,No,No,92
1321,One year,Yes,Bank transfer (automatic),65.85,3928.3,Male,No,Yes,Yes,DSL,Yes,Yes,Yes,Yes,No,No,No,1826
6114,Month-to-month,Yes,Electronic check,66.65,520.95,Male,No,No,No,DSL,No,Yes,No,Yes,Yes,No,No,245
5710,Two year,Yes,Electronic check,110.5,7752.05,Female,No,Yes,No,Fiber optic,No,Yes,Yes,Yes,Yes,Yes,Yes,2132
2172,Month-to-month,No,Credit card (automatic),43.95,43.95,Female,No,No,No,DSL,No,No,No,No,No,No,No,31
267,Month-to-month,Yes,Mailed check,105.0,2007.25,Female,Yes,No,No,Fiber optic,Yes,Yes,No,Yes,Yes,Yes,No,580
4847,Month-to-month,Yes,Electronic check,76.25,2841.55,Female,Yes,No,No,Fiber optic,No,No,No,No,No,No,Yes,1125
4852,Two year,No,Credit card (automatic),20.3,1356.3,Male,Yes,No,No,No service,No service,No service,No service,No service,No service,No service,No,2102
4630,Month-to-month,No,Mailed check,65.05,1427.55,Male,No,No,No,DSL,Yes,Yes,Yes,No,No,No,Yes,671
3090,Month-to-month,Yes,Mailed check,53.5,53.5,Male,No,No,No,DSL,No,No,No,No,Yes,No,No,30
3910,Month-to-month,Yes,Electronic check,106.4,5127.95,Female,No,No,No,Fiber optic,No,Yes,Yes,No,Yes,Yes,Yes,1430
3905,Month-to-month,No,Credit card (automatic),35.2,108.95,Female,No,No,No,DSL,No,No,No,No,Yes,No,No service,92
1377,Two year,No,Bank transfer (automatic),82.3,5815.15,Male,No,Yes,Yes,DSL,Yes,Yes,Yes,Yes,Yes,No,Yes,2191
4737,Two year,Yes,Bank transfer (automatic),115.5,8312.75,Female,No,Yes,No,Fiber optic,Yes,Yes,Yes,Yes,Yes,Yes,Yes,2191
6701,One year,No,Bank transfer (automatic),100.35,2799.0,Male,No,Yes,Yes,Fiber optic,No,Yes,Yes,No,Yes,Yes,No,853
3944,One year,No,Mailed check,20.25,172.35,Female,No,Yes,Yes,No service,No service,No service,No service,No service,No service,No service,No,276
6344,Month-to-month,Yes,Bank transfer (automatic),74.95,2869.85,Female,Yes,Yes,No,Fiber optic,No,No,No,No,No,No,Yes,1156
5533,Month-to-month,Yes,Bank transfer (automatic),95.4,2025.1,Female,Yes,No,No,Fiber optic,No,No,No,No,Yes,Yes,Yes,641
7008,Month-to-month,Yes,Credit card (automatic),75.05,256.25,Female,Yes,No,No,Fiber optic,No,No,No,No,No,No,Yes,91
2516,Month-to-month,Yes,Electronic check,96.4,1581.2,Female,Yes,No,No,Fiber optic,No,No,No,No,Yes,Yes,Yes,487
3251,Month-to-month,Yes,Bank transfer (automatic),106.75,4056.75,Female,Yes,No,No,Fiber optic,Yes,Yes,No,No,Yes,Yes,Yes,1125
3472,Month-to-month,No,Electronic check,104.75,5841.35,Female,Yes,No,No,Fiber optic,No,Yes,Yes,No,Yes,Yes,Yes,1706
4281,Month-to-month,Yes,Mailed check,35.0,1782.4,Male,No,No,No,DSL,Yes,Yes,No,No,No,No,No service,1523
5891,One year,Yes,Electronic check,41.6,470.6,Male,No,No,No,DSL,No,No,Yes,No,Yes,No,No service,334
4046,Month-to-month,Yes,Mailed check,50.15,2139.1,Female,No,No,No,DSL,No,No,No,No,No,No,Yes,1340
1523,Month-to-month,No,Mailed check,43.55,335.4,Male,No,No,No,DSL,No,No,No,No,No,No,No,245
3109,Two year,Yes,Bank transfer (automatic),25.95,1444.05,Male,No,No,No,No service,No service,No service,No service,No service,No service,No service,Yes,1706
4140,One year,No,Bank transfer (automatic),99.9,6137.0,Female,No,No,No,Fiber optic,No,Yes,No,No,Yes,Yes,Yes,1918
5415,Month-to-month,Yes,Electronic check,50.3,913.3,Female,No,No,No,DSL,No,No,No,No,No,No,Yes,549
6866,Month-to-month,Yes,Electronic check,95.45,95.45,Male,No,No,No,Fiber optic,No,No,No,No,Yes,Yes,Yes,30
3624,Month-to-month,Yes,Credit card (automatic),96.1,6019.35,Female,Yes,Yes,Yes,Fiber optic,No,Yes,Yes,No,No,Yes,Yes,1888
3228,One year,Yes,Electronic check,105.25,5576.3,Male,No,Yes,Yes,Fiber optic,No,Yes,Yes,No,Yes,Yes,Yes,1614
2565,Two year,Yes,Bank transfer (automatic),25.0,332.5,Female,No,Yes,Yes,No service,No service,No service,No service,No service,No service,No service,Yes,396
6331,One year,No,Electronic check,40.3,1794.8,Male,No,Yes,Yes,DSL,Yes,No,Yes,Yes,No,No,No service,1432
581,Month-to-month,No,Mailed check,75.3,75.3,Female,No,No,No,Fiber optic,Yes,No,No,No,No,No,No,30
6656,Two year,No,Mailed check,23.55,1173.35,Male,No,Yes,Yes,No service,No service,No service,No service,No service,No service,No service,Yes,1461
4667,Month-to-month,No,Bank transfer (automatic),19.25,375.25,Female,No,Yes,No,No service,No service,No service,No service,No service,No service,No service,No,610
5585,Month-to-month,Yes,Mailed check,19.3,19.3,Male,No,No,No,No service,No service,No service,No service,No service,No service,No service,No,30
791,One year,Yes,Credit card (automatic),76.9,5023.0,Male,No,No,No,DSL,Yes,Yes,Yes,No,No,Yes,Yes,2071
3702,Month-to-month,Yes,Electronic check,79.15,1520.9,Female,Yes,No,No,Fiber optic,Yes,No,No,No,No,No,Yes,607
6530,One year,No,Bank transfer (automatic),36.1,2298.9,Male,Yes,Yes,No,DSL,Yes,No,No,Yes,No,No,No service,1918
5877,One year,Yes,Credit card (automatic),106.95,5785.5,Female,No,No,No,Fiber optic,Yes,No,Yes,No,Yes,Yes,Yes,1614
527,One year,Yes,Credit card (automatic),94.7,5430.35,Male,No,Yes,Yes,Fiber optic,No,Yes,No,Yes,Yes,No,Yes,1767
1117,Two year,Yes,Credit card (automatic),89.45,4577.75,Male,No,No,No,Fiber optic,No,No,Yes,No,No,Yes,Yes,1584
4264,Month-to-month,Yes,Electronic check,104.45,4863.85,Female,Yes,No,No,Fiber optic,No,Yes,Yes,No,Yes,Yes,Yes,1401
1509,Month-to-month,Yes,Electronic check,76.65,1313.55,Male,No,No,No,Fiber optic,No,No,Yes,No,No,No,No,518
2791,Two year,Yes,Bank transfer (automatic),74.35,4317.35,Male,No,No,No,DSL,Yes,No,Yes,No,Yes,Yes,No,1737
4078,One year,Yes,Bank transfer (automatic),67.5,1544.05,Male,No,Yes,Yes,DSL,Yes,No,Yes,Yes,Yes,No,No,668
1566,Two year,Yes,Bank transfer (automatic),75.4,5480.25,Male,No,Yes,Yes,DSL,No,Yes,Yes,No,Yes,Yes,No,2191
2983,Two year,No,Credit card (automatic),89.9,6457.15,Male,No,Yes,Yes,DSL,Yes,Yes,Yes,Yes,Yes,Yes,Yes,2163
5736,Month-to-month,No,Mailed check,20.05,20.05,Male,No,No,No,No service,No service,No service,No service,No service,No service,No service,No,31
652,Two year,No,Mailed check,20.1,655.3,Male,No,Yes,Yes,No service,No service,No service,No service,No service,No service,No service,No,1067
1151,Month-to-month,No,Electronic check,18.85,18.85,Female,No,No,No,No service,No service,No service,No service,No service,No service,No service,No,31
5389,Month-to-month,No,Mailed check,69.15,3649.6,Female,No,Yes,No,Fiber optic,No,No,No,No,No,No,No,1553
510,One year,No,Credit card (automatic),94.3,1818.3,Male,Yes,Yes,Yes,Fiber optic,Yes,No,Yes,Yes,No,Yes,No,610
5406,Two year,Yes,Electronic check,97.2,6910.3,Male,No,Yes,Yes,Fiber optic,Yes,No,No,No,Yes,Yes,Yes,2163
4923,Month-to-month,Yes,Bank transfer (automatic),49.75,2535.55,Female,No,No,No,DSL,Yes,No,No,No,No,No,No,1584
4678,Month-to-month,Yes,Bank transfer (automatic),94.2,193.8,Female,No,No,Yes,Fiber optic,No,No,No,No,Yes,Yes,Yes,61
1881,Month-to-month,Yes,Bank transfer (automatic),44.65,1156.55,Male,No,No,No,DSL,Yes,Yes,No,No,No,Yes,No service,792
552,Two year,No,Bank transfer (automatic),19.35,1153.25,Male,No,Yes,Yes,No service,No service,No service,No service,No service,No service,No service,No,1676
156,Month-to-month,Yes,Bank transfer (automatic),84.15,1821.95,Female,No,No,No,Fiber optic,No,No,No,No,Yes,No,Yes,671
2608,Month-to-month,Yes,Electronic check,34.5,279.25,Male,No,Yes,Yes,DSL,Yes,No,No,Yes,No,No,No service,214
153,Two year,No,Electronic check,86.1,5215.25,Male,No,Yes,Yes,DSL,Yes,Yes,Yes,Yes,Yes,Yes,No,1888
4227,Two year,No,Bank transfer (automatic),80.65,5542.55,Male,No,Yes,Yes,DSL,Yes,Yes,No,Yes,Yes,Yes,No,2102
5871,Month-to-month,Yes,Bank transfer (automatic),55.65,1400.55,Male,No,No,No,DSL,Yes,No,No,No,No,No,Yes,730
671,Two year,No,Credit card (automatic),25.55,1336.1,Male,No,Yes,Yes,No service,No service,No service,No service,No service,No service,No service,Yes,1614
4823,Month-to-month,Yes,Electronic check,53.95,53.95,Male,No,No,No,DSL,Yes,No,No,Yes,No,No,No,31
3227,Month-to-month,Yes,Mailed check,56.3,628.65,Male,No,Yes,Yes,DSL,No,No,No,No,Yes,No,No,365
4475,Month-to-month,No,Electronic check,19.55,61.05,Female,No,No,No,No service,No service,No service,No service,No service,No service,No service,No,92
933,Month-to-month,Yes,Electronic check,84.6,360.1,Female,Yes,No,No,Fiber optic,No,No,No,No,No,Yes,Yes,122
5838,Month-to-month,No,Electronic check,71.85,3827.9,Male,No,Yes,Yes,DSL,Yes,No,No,Yes,No,Yes,Yes,1614
558,Month-to-month,No,Electronic check,70.2,760.05,Male,No,No,No,Fiber optic,No,No,No,No,No,No,No,337
5587,One year,Yes,Bank transfer (automatic),91.3,4126.35,Female,Yes,No,No,Fiber optic,No,Yes,Yes,No,Yes,No,No,1401
1187,Two year,No,Bank transfer (automatic),104.05,7413.55,Female,Yes,No,No,Fiber optic,No,No,Yes,No,Yes,Yes,Yes,2163
2005,One year,No,Mailed check,100.45,4941.8,Female,No,Yes,Yes,Fiber optic,No,Yes,No,No,Yes,Yes,Yes,1492
5524,Two year,No,Bank transfer (automatic),54.65,2553.7,Male,No,Yes,Yes,DSL,Yes,No,No,Yes,No,No,No,1371
4038,Two year,No,Mailed check,20.6,1093.0,Female,No,No,No,No service,No service,No service,No service,No service,No service,No service,No,1826
49,Two year,Yes,Credit card (automatic),64.15,4254.1,Female,No,Yes,Yes,DSL,Yes,No,Yes,Yes,No,No,Yes,2102
6230,Month-to-month,No,Mailed check,20.05,20.05,Female,No,Yes,Yes,No service,No service,No service,No service,No service,No service,No service,No,31
195,Month-to-month,Yes,Electronic check,96.55,1901.65,Female,No,Yes,No,Fiber optic,Yes,Yes,No,Yes,Yes,No,No,610
5057,Month-to-month,Yes,Electronic check,75.85,724.65,Male,No,No,No,Fiber optic,No,No,No,No,No,No,Yes,276
2244,One year,Yes,Mailed check,64.4,2088.75,Female,No,No,No,DSL,Yes,Yes,No,Yes,No,No,Yes,1034
531,Two year,No,Credit card (automatic),20.05,1360.25,Male,No,Yes,Yes,No service,No service,No service,No service,No service,No service,No service,No,2132
5628,Month-to-month,Yes,Electronic check,96.65,1244.5,Female,No,No,No,Fiber optic,Yes,Yes,No,No,Yes,No,Yes,395
1162,One year,Yes,Bank transfer (automatic),72.35,4991.5,Female,No,No,No,DSL,Yes,No,Yes,Yes,No,Yes,No,2041
4018,One year,No,Electronic check,69.45,477.05,Female,No,Yes,Yes,DSL,Yes,Yes,Yes,No,Yes,No,No,215
4977,One year,Yes,Credit card (automatic),20.8,469.65,Male,No,Yes,Yes,No service,No service,No service,No service,No service,No service,No service,No,730
6879,Month-to-month,Yes,Electronic check,86.05,1818.9,Female,No,Yes,No,Fiber optic,No,No,No,Yes,Yes,No,No,641
2102,Month-to-month,Yes,Credit card (automatic),80.55,1406.65,Male,No,No,Yes,Fiber optic,No,No,Yes,No,No,No,Yes,549
3056,Two year,Yes,Credit card (automatic),70.5,3486.65,Male,No,Yes,Yes,DSL,Yes,No,No,Yes,Yes,No,Yes,1523
3207,Month-to-month,Yes,Credit card (automatic),19.65,92.05,Female,No,No,No,No service,No service,No service,No service,No service,No service,No service,No,153
4651,Month-to-month,No,Electronic check,86.2,1270.2,Female,No,No,No,Fiber optic,Yes,No,No,No,Yes,No,No,457
5507,One year,Yes,Electronic check,59.9,1654.7,Female,No,No,No,DSL,Yes,Yes,No,Yes,No,No,No,853
5499,Month-to-month,Yes,Electronic check,79.4,1156.1,Male,Yes,No,No,Fiber optic,No,No,No,No,No,Yes,No,456
4267,Two year,Yes,Bank transfer (automatic),91.15,6637.9,Female,No,Yes,No,DSL,Yes,Yes,Yes,Yes,Yes,Yes,Yes,2191
888,One year,No,Credit card (automatic),91.2,3247.55,Male,No,Yes,Yes,Fiber optic,No,No,No,No,Yes,Yes,No,1126
4932,One year,Yes,Credit card (automatic),80.65,2209.75,Male,No,Yes,Yes,Fiber optic,Yes,Yes,No,No,No,No,No,822
3357,Month-to-month,No,Electronic check,59.2,59.2,Female,No,No,Yes,DSL,No,No,Yes,No,No,Yes,No,31
657,One year,No,Bank transfer (automatic),78.8,3597.5,Male,No,Yes,No,DSL,Yes,Yes,Yes,No,Yes,Yes,No,1371
4603,Month-to-month,No,Mailed check,35.1,101.1,Male,No,Yes,No,DSL,Yes,No,No,Yes,No,No,No service,92
5355,Month-to-month,Yes,Electronic check,95.4,4445.3,Male,No,No,No,Fiber optic,Yes,No,No,Yes,No,Yes,Yes,1461
6680,Two year,Yes,Mailed check,95.5,4627.85,Female,No,No,Yes,Fiber optic,No,Yes,Yes,Yes,Yes,No,No,1461
4206,Two year,Yes,Credit card (automatic),116.8,8456.75,Female,No,Yes,Yes,Fiber optic,Yes,Yes,Yes,Yes,Yes,Yes,Yes,2191
849,Two year,No,Credit card (automatic),89.8,6510.45,Female,No,Yes,Yes,DSL,Yes,Yes,Yes,Yes,Yes,Yes,Yes,2191
85,Month-to-month,Yes,Credit card (automatic),99.3,918.75,Male,No,No,No,Fiber optic,No,Yes,No,No,Yes,Yes,Yes,276
2899,Two year,No,Bank transfer (automatic),53.95,3888.65,Male,No,No,No,DSL,Yes,Yes,Yes,Yes,Yes,No,No service,2163
5581,Two year,Yes,Electronic check,113.15,7856.0,Male,No,Yes,Yes,Fiber optic,Yes,Yes,Yes,Yes,Yes,Yes,Yes,2071
449,Two year,No,Bank transfer (automatic),105.5,7611.55,Male,No,Yes,Yes,Fiber optic,Yes,Yes,No,Yes,Yes,Yes,No,2191
5924,Two year,No,Credit card (automatic),20.65,1218.45,Male,No,Yes,Yes,No service,No service,No service,No service,No service,No service,No service,No,1888
3836,One year,No,Bank transfer (automatic),58.35,3756.45,Female,No,Yes,No,DSL,No,No,Yes,Yes,No,No,Yes,1949
6492,Two year,No,Mailed check,19.75,483.15,Male,No,Yes,No,No service,No service,No service,No service,No service,No service,No service,No,730
1549,Month-to-month,Yes,Mailed check,45.85,45.85,Male,No,No,No,DSL,No,No,No,No,No,No,No,31
4666,Month-to-month,Yes,Credit card (automatic),19.2,532.1,Female,No,No,No,No service,No service,No service,No service,No service,No service,No service,No,761
4253,Month-to-month,Yes,Electronic check,88.75,1885.15,Male,No,Yes,Yes,Fiber optic,No,No,Yes,No,Yes,No,Yes,671
6412,Two year,Yes,Bank transfer (automatic),108.3,7679.65,Female,No,Yes,Yes,Fiber optic,Yes,Yes,Yes,Yes,Yes,Yes,No,2191
2255,Month-to-month,No,Mailed check,51.2,51.2,Female,No,No,Yes,DSL,Yes,No,No,No,No,No,No,31
6665,Month-to-month,No,Credit card (automatic),29.3,1224.05,Male,No,Yes,Yes,DSL,No,Yes,No,No,No,No,No service,1310
5150,Month-to-month,No,Bank transfer (automatic),20.1,43.15,Female,No,Yes,No,No service,No service,No service,No service,No service,No service,No service,No,62
4340,Month-to-month,Yes,Bank transfer (automatic),48.65,235.2,Male,No,No,Yes,DSL,No,No,No,Yes,No,No,No,153
1289,One year,No,Bank transfer (automatic),68.8,4111.35,Male,No,No,No,DSL,Yes,Yes,Yes,Yes,No,No,Yes,1918
3955,Month-to-month,Yes,Electronic check,45.9,1332.4,Male,No,Yes,No,DSL,No,No,No,No,Yes,Yes,No service,883
3701,Two year,No,Electronic check,24.5,761.95,Female,No,Yes,Yes,No service,No service,No service,No service,No service,No service,No service,Yes,822
1345,One year,Yes,Credit card (automatic),100.75,5985.0,Female,No,Yes,No,Fiber optic,No,No,Yes,No,Yes,Yes,Yes,1737
5110,Month-to-month,Yes,Electronic check,73.5,632.2,Female,No,No,No,Fiber optic,No,No,No,No,No,No,Yes,245
2367,Month-to-month,Yes,Credit card (automatic),85.55,85.55,Female,No,No,No,Fiber optic,No,No,Yes,No,Yes,No,No,31
4934,Two year,Yes,Electronic check,110.75,7751.7,Female,No,Yes,No,Fiber optic,Yes,Yes,Yes,No,Yes,Yes,Yes,2191
3818,Two year,Yes,Credit card (automatic),109.1,6393.65,Female,No,Yes,No,Fiber optic,Yes,Yes,No,Yes,Yes,Yes,Yes,1767
4461,Month-to-month,Yes,Electronic check,94.2,2607.6,Male,No,No,No,Fiber optic,No,No,No,Yes,Yes,Yes,No,883
6419,Month-to-month,Yes,Credit card (automatic),84.9,5785.65,Male,Yes,Yes,No,Fiber optic,Yes,Yes,No,No,No,No,Yes,2102
6885,Month-to-month,Yes,Credit card (automatic),73.75,871.4,Male,No,No,Yes,Fiber optic,No,No,No,No,No,No,Yes,365
5627,Month-to-month,Yes,Electronic check,74.85,485.25,Male,Yes,Yes,No,Fiber optic,No,No,No,No,No,No,Yes,215
3392,One year,Yes,Mailed check,44.1,2413.05,Female,No,Yes,Yes,DSL,No,No,No,No,No,No,No,1767
1346,Month-to-month,Yes,Electronic check,87.25,1258.6,Female,No,Yes,Yes,Fiber optic,No,No,Yes,No,No,Yes,Yes,426
2275,Month-to-month,Yes,Electronic check,74.5,74.5,Male,No,Yes,Yes,Fiber optic,No,No,No,No,No,No,Yes,30
2397,Month-to-month,Yes,Electronic check,88.35,88.35,Male,No,No,No,Fiber optic,No,No,No,No,Yes,Yes,No,30
4665,Two year,No,Bank transfer (automatic),36.15,2434.45,Female,No,Yes,Yes,DSL,Yes,Yes,No,No,No,No,No service,2041
6919,Month-to-month,No,Credit card (automatic),89.4,4869.5,Male,No,No,No,Fiber optic,No,No,Yes,No,No,Yes,Yes,1645
3362,Month-to-month,Yes,Electronic check,54.9,54.9,Female,No,No,No,DSL,Yes,Yes,No,No,No,No,No,31
1554,Month-to-month,No,Mailed check,20.9,518.3,Male,No,No,No,No service,No service,No service,No service,No service,No service,No service,No,792
6015,Month-to-month,Yes,Electronic check,74.55,233.65,Female,No,No,No,Fiber optic,Yes,No,No,No,No,No,No,92
6053,Two year,Yes,Electronic check,25.1,1070.15,Female,No,No,Yes,No service,No service,No service,No service,No service,No service,No service,Yes,1310
6315,Two year,Yes,Credit card (automatic),70.1,3238.4,Female,No,Yes,Yes,DSL,Yes,Yes,Yes,No,No,Yes,No,1461
177,Month-to-month,No,Bank transfer (automatic),76.45,503.6,Female,Yes,No,No,Fiber optic,Yes,No,No,No,No,No,No,214
6179,Month-to-month,Yes,Bank transfer (automatic),95.15,997.65,Female,Yes,No,No,Fiber optic,No,No,No,No,Yes,Yes,Yes,334
2064,One year,No,Bank transfer (automatic),19.55,608.5,Female,No,Yes,Yes,No service,No service,No service,No service,No service,No service,No service,No,914
2543,Month-to-month,No,Mailed check,98.15,1230.25,Male,No,No,No,Fiber optic,Yes,No,No,No,Yes,Yes,Yes,395
2558,One year,No,Mailed check,20.05,678.2,Female,No,No,No,No service,No service,No service,No service,No service,No service,No service,No,1157
2435,Month-to-month,Yes,Credit card (automatic),59.8,824.85,Female,No,No,Yes,DSL,No,No,Yes,No,Yes,No,No,427
5551,Month-to-month,Yes,Credit card (automatic),19.6,356.15,Male,No,No,No,No service,No service,No service,No service,No service,No service,No service,No,610
2990,Month-to-month,Yes,Mailed check,33.9,298.45,Male,No,No,No,DSL,No,No,No,No,No,Yes,No service,306
3142,Month-to-month,No,Mailed check,19.8,19.8,Male,No,No,No,No service,No service,No service,No service,No service,No service,No service,No,31
753,Two year,No,Mailed check,20.25,0.0,Male,No,No,Yes,No service,No service,No service,No service,No service,No service,No service,No,0
2136,Month-to-month,Yes,Electronic check,91.0,1430.05,Male,No,No,Yes,Fiber optic,No,Yes,No,No,Yes,No,Yes,457
6101,Two year,No,Credit card (automatic),110.25,7467.55,Female,Yes,No,No,Fiber optic,Yes,No,Yes,Yes,Yes,Yes,Yes,2102
4166,One year,No,Credit card (automatic),19.8,587.7,Male,Yes,No,No,No service,No service,No service,No service,No service,No service,No service,No,975
3704,One year,Yes,Credit card (automatic),73.0,5163.0,Female,No,Yes,Yes,DSL,Yes,Yes,Yes,No,Yes,No,Yes,2071
5080,Two year,Yes,Electronic check,93.15,6368.2,Male,No,Yes,No,Fiber optic,No,Yes,Yes,No,No,Yes,Yes,2041
2926,Two year,Yes,Electronic check,116.0,8182.85,Female,No,Yes,No,Fiber optic,Yes,Yes,Yes,Yes,Yes,Yes,Yes,2102
5999,Two year,Yes,Electronic check,108.95,4025.5,Male,No,No,No,Fiber optic,Yes,No,Yes,Yes,Yes,Yes,Yes,1067
3755,Month-to-month,Yes,Electronic check,76.05,318.9,Male,No,No,No,Fiber optic,No,No,No,No,No,No,Yes,122
4193,Month-to-month,No,Credit card (automatic),19.75,208.25,Male,No,No,No,No service,No service,No service,No service,No service,No service,No service,No,306
3476,One year,Yes,Electronic check,100.75,6674.65,Male,Yes,Yes,No,Fiber optic,Yes,No,No,No,Yes,Yes,Yes,1979
674,Month-to-month,Yes,Electronic check,49.15,2550.9,Male,Yes,No,No,DSL,No,Yes,No,No,Yes,Yes,No service,1583
4423,Month-to-month,Yes,Credit card (automatic),66.4,2245.4,Male,No,No,No,DSL,No,Yes,Yes,No,Yes,No,No,1006
2139,Month-to-month,Yes,Electronic check,66.85,458.1,Female,No,No,No,DSL,No,No,No,No,Yes,Yes,No,215
2650,Month-to-month,Yes,Credit card (automatic),84.35,1302.65,Female,No,No,No,Fiber optic,Yes,No,Yes,No,No,No,Yes,457
2888,Month-to-month,Yes,Electronic check,71.0,71.0,Female,Yes,No,Yes,Fiber optic,No,No,No,No,No,No,No,31
617,One year,Yes,Credit card (automatic),102.85,6976.75,Female,Yes,No,No,Fiber optic,No,No,Yes,Yes,Yes,Yes,Yes,2010
4317,One year,Yes,Credit card (automatic),20.55,57.4,Female,No,No,Yes,No service,No service,No service,No service,No service,No service,No service,No,92
2743,Two year,Yes,Electronic check,111.05,7321.05,Male,No,Yes,No,Fiber optic,Yes,Yes,Yes,Yes,Yes,Yes,No,2041
6490,One year,No,Mailed check,19.4,525.55,Male,No,No,No,No service,No service,No service,No service,No service,No service,No service,No,792
6111,Month-to-month,No,Bank transfer (automatic),83.85,3532.25,Female,No,No,No,Fiber optic,No,No,No,No,No,Yes,Yes,1218
4464,Month-to-month,No,Bank transfer (automatic),81.7,858.6,Male,No,No,No,Fiber optic,Yes,No,Yes,No,No,No,No,365
6804,Month-to-month,Yes,Mailed check,90.35,434.5,Male,No,Yes,Yes,Fiber optic,Yes,No,Yes,No,No,Yes,No,153
3787,Month-to-month,Yes,Electronic check,95.3,5817.7,Female,No,No,No,Fiber optic,No,No,No,Yes,Yes,Yes,No,1767
3960,Month-to-month,No,Electronic check,57.55,161.45,Female,No,No,No,DSL,No,No,Yes,No,Yes,No,No,92
192,Two year,No,Bank transfer (automatic),19.75,1375.4,Female,No,Yes,Yes,No service,No service,No service,No service,No service,No service,No service,No,2102
7024,Month-to-month,Yes,Credit card (automatic),84.8,3626.35,Male,No,Yes,No,Fiber optic,Yes,No,Yes,No,No,No,Yes,1340
1595,Month-to-month,Yes,Electronic check,74.7,165.4,Male,Yes,No,No,Fiber optic,No,Yes,No,No,No,No,No,61
993,Two year,No,Credit card (automatic),26.1,225.55,Female,No,Yes,Yes,No service,No service,No service,No service,No service,No service,No service,Yes,306
3525,Month-to-month,Yes,Electronic check,95.05,4888.7,Female,Yes,Yes,No,Fiber optic,No,Yes,Yes,No,Yes,No,Yes,1522
2763,Month-to-month,No,Electronic check,81.05,5135.35,Male,No,Yes,Yes,Fiber optic,Yes,Yes,No,No,No,No,No,1949
2319,Month-to-month,No,Electronic check,90.6,1020.2,Male,No,Yes,Yes,Fiber optic,No,No,No,No,Yes,Yes,No,337
5928,Two year,No,Credit card (automatic),19.75,1311.6,Female,No,Yes,Yes,No service,No service,No service,No service,No service,No service,No service,No,1857
2704,One year,No,Credit card (automatic),60.6,3297.0,Female,No,Yes,Yes,DSL,No,No,Yes,No,No,Yes,No,1614
1477,One year,Yes,Electronic check,106.0,6547.7,Male,No,Yes,Yes,Fiber optic,Yes,Yes,No,No,Yes,Yes,Yes,1857
1846,One year,No,Mailed check,18.8,279.2,Male,No,No,No,No service,No service,No service,No service,No service,No service,No service,No,580
4266,One year,No,Electronic check,102.0,6529.25,Male,No,No,No,Fiber optic,Yes,Yes,No,Yes,No,Yes,Yes,1887
4403,Month-to-month,No,Bank transfer (automatic),62.45,2045.55,Female,No,Yes,Yes,DSL,No,Yes,Yes,No,No,No,Yes,975
6455,Month-to-month,Yes,Electronic check,44.3,2666.75,Male,No,Yes,No,DSL,No,No,No,No,Yes,Yes,No service,1798
170,One year,Yes,Bank transfer (automatic),84.25,3539.25,Male,No,Yes,No,Fiber optic,Yes,No,Yes,Yes,No,No,No,1310
3350,Month-to-month,Yes,Mailed check,44.15,44.15,Male,No,No,No,DSL,No,No,No,No,No,No,No,31
4708,Two year,Yes,Credit card (automatic),61.3,3346.8,Female,No,Yes,Yes,DSL,Yes,Yes,Yes,No,No,No,No,1706
5082,One year,No,Mailed check,19.8,350.1,Male,No,Yes,Yes,No service,No service,No service,No service,No service,No service,No service,No,641
1420,Month-to-month,Yes,Electronic check,99.8,5985.75,Female,No,Yes,No,Fiber optic,No,Yes,No,No,Yes,Yes,Yes,1826
6965,Month-to-month,Yes,Credit card (automatic),94.2,5895.45,Female,Yes,Yes,No,Fiber optic,Yes,Yes,Yes,Yes,No,No,Yes,1857
3604,Month-to-month,No,Electronic check,19.6,717.3,Male,No,Yes,Yes,No service,No service,No service,No service,No service,No service,No service,No,1157
2805,Two year,No,Bank transfer (automatic),59.85,3483.45,Female,No,Yes,No,DSL,Yes,Yes,No,Yes,No,No,No,1826
2293,Two year,No,Bank transfer (automatic),85.95,6151.9,Male,No,Yes,No,DSL,No,Yes,Yes,Yes,Yes,Yes,Yes,2191
6070,Two year,Yes,Bank transfer (automatic),81.0,4976.15,Male,No,Yes,Yes,DSL,No,No,Yes,Yes,Yes,Yes,Yes,1857
6108,Month-to-month,No,Mailed check,25.15,476.8,Male,No,No,No,DSL,No,No,No,No,No,No,No service,549
1288,Two year,No,Mailed check,19.55,1240.15,Male,No,No,No,No service,No service,No service,No service,No service,No service,No service,No,1949
2305,Month-to-month,Yes,Bank transfer (automatic),97.7,3410.0,Male,No,Yes,Yes,Fiber optic,No,Yes,No,No,Yes,Yes,Yes,1036
1738,One year,Yes,Bank transfer (automatic),90.55,6130.95,Female,No,Yes,No,Fiber optic,No,Yes,Yes,Yes,No,No,Yes,2010
2217,Two year,No,Credit card (automatic),89.9,5958.85,Female,No,Yes,Yes,DSL,Yes,Yes,Yes,Yes,Yes,Yes,Yes,2010
1443,Month-to-month,Yes,Mailed check,55.8,154.55,Male,No,Yes,No,DSL,No,No,Yes,Yes,No,No,No,92
6577,Two year,No,Bank transfer (automatic),72.95,5265.55,Male,No,Yes,No,DSL,No,Yes,Yes,Yes,Yes,No,Yes,2132
6593,Month-to-month,Yes,Bank transfer (automatic),54.55,2978.3,Male,No,Yes,No,DSL,No,No,Yes,Yes,Yes,Yes,No service,1675
3368,One year,Yes,Electronic check,94.15,4408.45,Female,No,No,No,Fiber optic,No,Yes,Yes,No,No,Yes,Yes,1401
4201,Two year,No,Bank transfer (automatic),19.55,1463.45,Female,No,Yes,Yes,No service,No service,No service,No service,No service,No service,No service,No,2191
5597,Month-to-month,Yes,Bank transfer (automatic),90.5,1910.6,Male,Yes,No,No,Fiber optic,No,No,No,Yes,Yes,No,Yes,669
1607,Month-to-month,Yes,Bank transfer (automatic),89.05,1169.35,Male,Yes,Yes,No,Fiber optic,No,Yes,No,Yes,No,Yes,No,396
3463,Month-to-month,Yes,Electronic check,91.15,3369.25,Male,No,No,No,Fiber optic,Yes,No,No,No,Yes,No,Yes,1126
3291,Month-to-month,No,Electronic check,55.15,1319.85,Female,No,Yes,Yes,DSL,Yes,No,No,Yes,No,No,No,730
5572,Two year,Yes,Credit card (automatic),74.8,5315.8,Male,No,Yes,No,DSL,Yes,No,Yes,Yes,No,Yes,Yes,2132
4362,One year,No,Credit card (automatic),20.7,1032.05,Female,No,Yes,No,No service,No service,No service,No service,No service,No service,No service,No,1492
4862,Month-to-month,Yes,Electronic check,70.95,137.95,Female,No,No,No,Fiber optic,No,No,No,No,No,No,No,61
3644,Two year,No,Mailed check,25.0,1004.35,Male,No,No,Yes,No service,No service,No service,No service,No service,No service,No service,Yes,1187
7033,Month-to-month,Yes,Credit card (automatic),69.5,2625.25,Male,No,No,No,Fiber optic,No,No,No,No,No,No,No,1157
3047,Month-to-month,No,Bank transfer (automatic),84.15,2585.95,Female,No,Yes,No,Fiber optic,No,Yes,No,No,No,Yes,No,975
746,Two year,Yes,Bank transfer (automatic),114.95,8196.4,Male,Yes,Yes,Yes,Fiber optic,Yes,Yes,Yes,Yes,Yes,Yes,Yes,2191
2440,Month-to-month,Yes,Credit card (automatic),19.45,674.55,Male,No,Yes,Yes,No service,No service,No service,No service,No service,No service,No service,No,975
1844,One year,No,Credit card (automatic),66.4,3958.2,Male,No,Yes,No,DSL,Yes,Yes,Yes,No,Yes,No,No,1798
4151,Month-to-month,Yes,Electronic check,55.0,3094.05,Female,Yes,No,No,DSL,No,Yes,Yes,No,Yes,Yes,No service,1737
4275,Month-to-month,Yes,Mailed check,25.75,25.75,Female,No,No,No,No service,No service,No service,No service,No service,No service,No service,Yes,31
4982,One year,Yes,Credit card (automatic),104.4,6405.0,Female,Yes,Yes,No,Fiber optic,No,Yes,Yes,No,Yes,Yes,Yes,1856
6190,Month-to-month,No,Electronic check,80.5,80.5,Male,No,No,No,Fiber optic,No,No,No,No,No,Yes,No,30
4121,Month-to-month,Yes,Electronic check,95.55,2510.2,Male,Yes,Yes,No,Fiber optic,No,Yes,Yes,No,No,Yes,Yes,821
4792,One year,Yes,Electronic check,106.25,6979.8,Female,Yes,Yes,No,Fiber optic,No,Yes,Yes,No,Yes,Yes,Yes,1979
1184,Month-to-month,Yes,Mailed check,87.9,1500.5,Male,No,Yes,Yes,Fiber optic,Yes,No,Yes,No,Yes,No,No,549
2161,Month-to-month,Yes,Electronic check,75.8,160.75,Female,No,No,No,Fiber optic,No,No,Yes,No,No,No,No,61
324,Two year,Yes,Bank transfer (automatic),60.05,4176.7,Male,No,No,No,DSL,Yes,Yes,No,Yes,Yes,Yes,No service,2102
6104,One year,No,Electronic check,23.9,97.5,Female,No,No,No,No service,No service,No service,No service,No service,No service,No service,Yes,123
5316,One year,Yes,Electronic check,93.65,4520.15,Male,No,Yes,Yes,Fiber optic,No,Yes,Yes,No,Yes,No,Yes,1492
1739,Month-to-month,Yes,Electronic check,69.9,69.9,Male,No,No,No,Fiber optic,No,No,No,No,No,No,No,30
3117,One year,Yes,Electronic check,107.9,7475.85,Female,Yes,Yes,Yes,Fiber optic,No,Yes,Yes,Yes,Yes,Yes,Yes,2132
3934,One year,No,Mailed check,40.25,411.45,Female,No,No,Yes,DSL,Yes,Yes,No,Yes,No,No,No service,306
5115,Two year,No,Mailed check,65.65,3047.15,Male,No,Yes,No,DSL,Yes,Yes,Yes,Yes,No,No,No,1401
2684,One year,Yes,Bank transfer (automatic),105.2,7386.05,Male,No,No,No,Fiber optic,No,Yes,No,Yes,Yes,Yes,Yes,2102
4259,Month-to-month,Yes,Mailed check,19.6,59.75,Female,No,No,No,No service,No service,No service,No service,No service,No service,No service,No,92
6191,Month-to-month,No,Electronic check,55.65,2421.75,Female,Yes,No,No,DSL,No,No,Yes,No,No,No,Yes,1279
5122,Month-to-month,No,Mailed check,49.85,1336.15,Female,No,Yes,Yes,DSL,No,Yes,No,No,No,No,No,822
642,Month-to-month,Yes,Electronic check,89.55,89.55,Male,No,No,No,Fiber optic,No,No,No,No,Yes,Yes,No,30
6300,Two year,Yes,Mailed check,24.9,1680.25,Female,No,Yes,Yes,No service,No service,No service,No service,No service,No service,No service,Yes,2041
3814,Two year,Yes,Credit card (automatic),88.7,6301.7,Male,No,Yes,No,DSL,Yes,Yes,Yes,Yes,Yes,Yes,Yes,2191
832,One year,No,Credit card (automatic),74.1,5222.3,Female,No,Yes,Yes,DSL,Yes,Yes,Yes,Yes,No,Yes,No,2132
1448,Month-to-month,No,Electronic check,20.85,473.9,Male,No,No,No,No service,No service,No service,No service,No service,No service,No service,No,702
4658,Month-to-month,No,Mailed check,44.45,369.3,Female,No,No,No,DSL,No,No,No,No,No,No,No,245
866,Two year,Yes,Bank transfer (automatic),39.0,2337.45,Male,No,Yes,No,DSL,No,No,No,Yes,Yes,No,No service,1888
6445,Month-to-month,No,Electronic check,90.65,367.95,Male,No,No,No,Fiber optic,Yes,No,No,No,Yes,No,Yes,123
4845,Two year,Yes,Credit card (automatic),39.4,825.4,Male,No,Yes,Yes,DSL,Yes,No,Yes,Yes,No,No,No service,610
2911,Month-to-month,No,Bank transfer (automatic),73.5,73.5,Female,No,No,No,Fiber optic,No,No,Yes,No,No,No,No,31
1016,Two year,Yes,Mailed check,80.1,5585.4,Male,No,Yes,No,DSL,Yes,Yes,Yes,Yes,No,Yes,Yes,2163
1153,One year,Yes,Mailed check,64.3,3410.6,Female,No,Yes,No,DSL,Yes,No,Yes,No,Yes,No,No,1584
6611,One year,No,Bank transfer (automatic),69.05,1958.45,Male,No,Yes,Yes,DSL,Yes,No,No,Yes,Yes,No,Yes,883
3401,Two year,Yes,Bank transfer (automatic),19.55,1080.55,Female,No,No,No,No service,No service,No service,No service,No service,No service,No service,No,1706
2796,Month-to-month,Yes,Bank transfer (automatic),89.8,4959.6,Female,No,Yes,No,Fiber optic,Yes,No,No,No,Yes,No,Yes,1676
6522,Month-to-month,No,Bank transfer (automatic),34.0,1505.35,Female,No,Yes,No,DSL,Yes,No,No,Yes,No,No,No service,1310
3857,Month-to-month,No,Bank transfer (automatic),20.65,93.55,Male,No,No,No,No service,No service,No service,No service,No service,No service,No service,No,153
2460,Two year,No,Mailed check,19.55,883.35,Female,No,Yes,Yes,No service,No service,No service,No service,No service,No service,No service,No,1461
6268,One year,No,Bank transfer (automatic),20.85,450.65,Female,No,No,No,No service,No service,No service,No service,No service,No service,No service,No,671
6674,Month-to-month,No,Mailed check,23.5,173.0,Male,No,No,No,No service,No service,No service,No service,No service,No service,No service,Yes,215
3906,Month-to-month,No,Electronic check,78.8,78.8,Female,No,Yes,No,Fiber optic,No,No,No,No,Yes,No,No,31
2350,Month-to-month,Yes,Electronic check,84.0,424.75,Female,No,No,No,Fiber optic,No,No,No,No,Yes,No,Yes,153
2308,One year,Yes,Bank transfer (automatic),104.65,7288.4,Male,No,Yes,Yes,Fiber optic,Yes,Yes,Yes,No,Yes,Yes,No,2163
1890,Month-to-month,Yes,Electronic check,21.0,21.0,Female,No,Yes,Yes,No service,No service,No service,No service,No service,No service,No service,No,30
342,Month-to-month,Yes,Bank transfer (automatic),67.45,4508.65,Female,No,Yes,Yes,DSL,Yes,Yes,Yes,No,No,No,Yes,2010
4947,Month-to-month,Yes,Electronic check,98.35,2515.3,Male,No,No,No,Fiber optic,No,No,Yes,No,Yes,Yes,Yes,791
2490,Two year,No,Mailed check,100.55,3895.35,Male,No,No,Yes,Fiber optic,No,No,No,Yes,Yes,Yes,Yes,1187
5412,One year,Yes,Bank transfer (automatic),85.55,5251.75,Male,Yes,Yes,No,Fiber optic,No,Yes,No,Yes,No,No,Yes,1857
4692,Month-to-month,No,Bank transfer (automatic),100.7,1522.7,Female,No,Yes,Yes,Fiber optic,Yes,No,Yes,No,Yes,Yes,No,488
4576,Month-to-month,No,Electronic check,19.75,313.4,Male,No,Yes,Yes,No service,No service,No service,No service,No service,No service,No service,No,488
4039,Month-to-month,Yes,Electronic check,94.1,701.3,Male,No,No,No,Fiber optic,No,No,No,No,Yes,Yes,Yes,215
1568,Month-to-month,Yes,Electronic check,111.4,1183.05,Male,Yes,No,No,Fiber optic,No,Yes,Yes,Yes,Yes,Yes,Yes,337
4721,Month-to-month,No,Mailed check,20.25,20.25,Male,No,No,No,No service,No service,No service,No service,No service,No service,No service,No,31
2168,Month-to-month,Yes,Mailed check,74.4,527.9,Male,Yes,Yes,No,Fiber optic,No,No,No,No,No,No,Yes,214
6945,Two year,No,Bank transfer (automatic),98.3,6859.5,Male,No,Yes,Yes,Fiber optic,No,Yes,No,No,Yes,Yes,Yes,2132
110,Month-to-month,Yes,Electronic check,96.75,5238.9,Male,No,Yes,No,Fiber optic,Yes,Yes,No,No,Yes,No,Yes,1675
658,One year,No,Mailed check,19.85,35.9,Male,No,Yes,Yes,No service,No service,No service,No service,No service,No service,No service,No,61
1441,One year,Yes,Bank transfer (automatic),97.8,5458.8,Female,Yes,Yes,No,Fiber optic,No,Yes,No,No,Yes,Yes,Yes,1767
3632,Month-to-month,Yes,Mailed check,79.65,1928.7,Female,No,Yes,No,Fiber optic,No,No,Yes,No,No,No,Yes,730
1727,Month-to-month,Yes,Electronic check,71.05,2168.15,Male,No,No,No,DSL,No,Yes,No,Yes,Yes,No,Yes,945
5100,Month-to-month,No,Electronic check,75.3,75.3,Female,No,No,No,Fiber optic,No,No,Yes,No,No,No,No,30
5671,Two year,No,Bank transfer (automatic),25.3,1554.9,Female,No,Yes,No,No service,No service,No service,No service,No service,No service,No service,Yes,1857
5393,Month-to-month,Yes,Electronic check,70.6,70.6,Female,No,No,No,Fiber optic,No,No,No,No,No,No,No,31
2254,Two year,Yes,Bank transfer (automatic),93.05,6735.05,Male,Yes,Yes,No,Fiber optic,Yes,Yes,Yes,Yes,No,No,Yes,2191
6731,Two year,Yes,Bank transfer (automatic),19.55,470.2,Female,No,No,No,No service,No service,No service,No service,No service,No service,No service,No,730
1654,One year,No,Mailed check,18.8,18.8,Male,No,Yes,Yes,No service,No service,No service,No service,No service,No service,No service,No,31
582,Month-to-month,Yes,Electronic check,89.2,346.2,Female,Yes,No,No,Fiber optic,No,No,Yes,No,Yes,No,Yes,123
4686,Two year,Yes,Bank transfer (automatic),107.4,7748.75,Female,Yes,No,No,Fiber optic,Yes,Yes,Yes,Yes,No,Yes,Yes,2191
2798,Month-to-month,Yes,Electronic check,94.9,1048.85,Male,No,No,No,Fiber optic,No,No,Yes,No,Yes,Yes,No,304
5077,Two year,No,Mailed check,19.85,144.15,Female,No,Yes,Yes,No service,No service,No service,No service,No service,No service,No service,No,215
4554,Month-to-month,Yes,Bank transfer (automatic),108.2,2203.7,Male,No,No,No,Fiber optic,Yes,Yes,Yes,Yes,Yes,Yes,No,610
650,Month-to-month,Yes,Bank transfer (automatic),69.55,222.3,Female,No,No,No,Fiber optic,No,No,No,No,No,No,No,91
1088,Month-to-month,Yes,Credit card (automatic),100.45,1622.45,Male,Yes,Yes,No,Fiber optic,No,No,Yes,No,Yes,Yes,Yes,518
3856,Month-to-month,Yes,Electronic check,114.1,7132.15,Male,No,Yes,No,Fiber optic,No,Yes,Yes,Yes,Yes,Yes,Yes,1857
6637,One year,Yes,Credit card (automatic),53.65,3804.4,Male,No,Yes,No,DSL,Yes,Yes,No,No,No,No,No,2102
1718,One year,No,Bank transfer (automatic),19.9,323.15,Female,No,No,No,No service,No service,No service,No service,No service,No service,No service,No,518
5107,Month-to-month,Yes,Bank transfer (automatic),58.6,2723.4,Female,No,Yes,No,DSL,No,Yes,No,No,Yes,No,No,1432
3380,Month-to-month,Yes,Electronic check,95.1,95.1,Male,Yes,Yes,No,Fiber optic,No,No,No,No,Yes,Yes,Yes,31
3461,Month-to-month,No,Electronic check,55.7,3131.8,Female,No,Yes,Yes,DSL,Yes,Yes,No,No,No,No,No,1676
743,Two year,Yes,Mailed check,24.1,1551.6,Female,No,Yes,Yes,No service,No service,No service,No service,No service,No service,No service,Yes,1857
1383,Month-to-month,Yes,Bank transfer (automatic),49.95,49.95,Female,No,No,No,DSL,No,No,No,No,No,No,Yes,31
1123,One year,Yes,Bank transfer (automatic),61.6,1611.0,Male,No,Yes,Yes,DSL,Yes,Yes,Yes,No,No,No,No,761
4755,Month-to-month,No,Electronic check,91.25,2964.05,Male,No,Yes,No,Fiber optic,No,No,No,No,Yes,Yes,No,1006
5205,Month-to-month,No,Bank transfer (automatic),91.2,3382.3,Female,No,No,No,Fiber optic,Yes,Yes,Yes,No,No,No,Yes,1126
882,Month-to-month,No,Electronic check,83.9,497.55,Female,No,No,No,Fiber optic,No,No,Yes,No,No,Yes,No,183
1329,Two year,No,Bank transfer (automatic),19.4,1496.45,Female,No,Yes,No,No service,No service,No service,No service,No service,No service,No service,No,2191
6110,Month-to-month,Yes,Mailed check,59.8,1130.85,Female,No,Yes,No,DSL,No,Yes,No,No,No,Yes,No,580
4160,One year,No,Bank transfer (automatic),75.0,1908.35,Male,No,No,No,DSL,Yes,No,No,Yes,Yes,Yes,No,792
1316,Month-to-month,Yes,Mailed check,19.95,147.5,Male,No,No,No,No service,No service,No service,No service,No service,No service,No service,No,215
3719,One year,No,Credit card (automatic),18.25,534.7,Male,No,No,No,No service,No service,No service,No service,No service,No service,No service,No,853
2505,One year,Yes,Bank transfer (automatic),20.1,682.1,Female,No,Yes,Yes,No service,No service,No service,No service,No service,No service,No service,No,1036
3449,One year,Yes,Credit card (automatic),95.7,4976.15,Female,No,Yes,Yes,Fiber optic,No,Yes,Yes,No,Yes,No,Yes,1584
6718,Month-to-month,No,Mailed check,75.0,209.1,Male,No,No,No,Fiber optic,No,No,No,No,No,No,Yes,92
3723,Month-to-month,No,Mailed check,20.45,357.0,Female,No,Yes,Yes,No service,No service,No service,No service,No service,No service,No service,No,549
7011,Month-to-month,Yes,Mailed check,60.4,272.15,Female,No,No,No,DSL,Yes,Yes,No,Yes,No,No,No,122
5691,One year,No,Mailed check,19.95,68.2,Male,No,No,No,No service,No service,No service,No service,No service,No service,No service,No,123
2155,Month-to-month,Yes,Electronic check,85.0,2624.25,Female,No,Yes,No,Fiber optic,No,No,No,No,No,Yes,Yes,914
6584,Two year,No,Credit card (automatic),20.55,1070.25,Female,No,Yes,Yes,No service,No service,No service,No service,No service,No service,No service,No,1523
2792,Month-to-month,No,Electronic check,48.85,736.8,Female,No,No,No,DSL,No,Yes,No,No,No,No,No,457
4415,Two year,Yes,Credit card (automatic),66.1,4428.45,Male,No,Yes,No,DSL,Yes,Yes,Yes,No,No,No,Yes,2010
5212,Two year,No,Credit card (automatic),38.5,2763.0,Male,No,Yes,Yes,DSL,Yes,Yes,Yes,No,No,No,No service,2191
6544,Month-to-month,Yes,Bank transfer (automatic),104.75,4323.45,Female,Yes,No,No,Fiber optic,No,Yes,Yes,No,Yes,Yes,Yes,1278
6454,Month-to-month,Yes,Credit card (automatic),81.3,3190.65,Female,No,No,No,Fiber optic,Yes,No,No,No,No,No,Yes,1248
524,Month-to-month,Yes,Electronic check,100.05,3480.0,Male,No,Yes,No,Fiber optic,No,No,Yes,No,Yes,Yes,Yes,1036
3776,One year,Yes,Mailed check,56.35,2391.15,Male,No,Yes,No,DSL,No,No,No,No,Yes,No,No,1310
2691,One year,Yes,Electronic check,59.1,369.25,Female,No,No,No,DSL,Yes,No,No,No,No,Yes,No,215
1458,Month-to-month,No,Electronic check,20.55,20.55,Male,No,No,No,No service,No service,No service,No service,No service,No service,No service,No,30
4079,Month-to-month,Yes,Credit card (automatic),78.15,765.15,Female,No,Yes,No,Fiber optic,Yes,No,No,No,No,No,Yes,306
5700,Month-to-month,Yes,Electronic check,79.3,2414.55,Male,Yes,Yes,No,Fiber optic,No,No,No,Yes,No,No,Yes,883
6633,Month-to-month,Yes,Electronic check,74.5,74.5,Female,No,No,No,Fiber optic,No,No,No,No,No,No,Yes,30
5520,One year,Yes,Credit card (automatic),84.25,4589.85,Female,No,No,No,Fiber optic,Yes,No,Yes,No,No,No,Yes,1676
5423,Month-to-month,Yes,Electronic check,80.85,1008.7,Male,No,No,No,Fiber optic,No,No,No,No,No,Yes,No,395
6245,One year,Yes,Electronic check,80.1,4693.2,Female,No,Yes,No,DSL,No,Yes,No,Yes,Yes,Yes,Yes,1798
1696,Month-to-month,Yes,Electronic check,85.3,264.8,Male,No,No,No,Fiber optic,No,No,No,No,No,Yes,Yes,92
128,Month-to-month,No,Mailed check,19.75,19.75,Male,No,No,No,No service,No service,No service,No service,No service,No service,No service,No,31
1439,Month-to-month,Yes,Credit card (automatic),75.55,349.65,Female,Yes,No,No,Fiber optic,No,No,Yes,No,No,No,No,153
4382,Month-to-month,No,Mailed check,48.75,179.85,Female,Yes,No,No,DSL,No,No,No,No,No,No,Yes,123
3320,Month-to-month,Yes,Credit card (automatic),59.1,1011.05,Male,Yes,Yes,No,DSL,Yes,No,No,No,No,Yes,No,549
1956,Two year,Yes,Bank transfer (automatic),101.3,7261.25,Female,No,No,No,Fiber optic,Yes,Yes,Yes,No,Yes,No,Yes,2191
6207,Month-to-month,No,Electronic check,85.0,3969.4,Male,Yes,No,No,Fiber optic,Yes,No,No,No,No,Yes,No,1400
5364,Month-to-month,Yes,Credit card (automatic),90.7,1597.25,Male,No,No,No,Fiber optic,No,No,Yes,No,No,Yes,Yes,549
3781,One year,No,Mailed check,19.1,529.5,Male,No,No,No,No service,No service,No service,No service,No service,No service,No service,No,883
6655,Two year,No,Mailed check,24.2,1618.2,Female,No,No,No,No service,No service,No service,No service,No service,No service,No service,Yes,1918
6309,Two year,No,Credit card (automatic),25.6,1888.25,Female,No,Yes,No,No service,No service,No service,No service,No service,No service,No service,Yes,2163
4530,Two year,No,Mailed check,19.65,1335.2,Female,No,Yes,No,No service,No service,No service,No service,No service,No service,No service,No,2041
5886,Two year,No,Mailed check,19.75,948.9,Female,No,Yes,Yes,No service,No service,No service,No service,No service,No service,No service,No,1432
6726,Month-to-month,No,Electronic check,70.75,154.85,Female,Yes,No,No,Fiber optic,No,No,No,No,No,No,No,61
4994,Month-to-month,Yes,Electronic check,96.05,1740.7,Female,No,No,No,Fiber optic,Yes,No,No,No,Yes,Yes,No,548
1461,Month-to-month,No,Credit card (automatic),95.9,2234.95,Male,No,Yes,No,Fiber optic,Yes,No,No,Yes,Yes,No,Yes,671
5262,One year,No,Bank transfer (automatic),68.7,4070.95,Female,No,No,No,DSL,Yes,No,No,Yes,No,Yes,Yes,1798
2221,Two year,No,Credit card (automatic),64.05,4492.9,Female,No,Yes,Yes,DSL,Yes,Yes,Yes,Yes,No,No,No,2163
1166,Month-to-month,Yes,Electronic check,53.8,283.95,Female,No,No,No,DSL,Yes,No,No,No,No,No,Yes,153
5610,Month-to-month,Yes,Electronic check,75.5,220.6,Female,No,No,No,Fiber optic,No,No,No,No,No,No,Yes,92
6657,One year,No,Bank transfer (automatic),20.45,900.9,Female,No,Yes,No,No service,No service,No service,No service,No service,No service,No service,No,1492
6436,Two year,No,Bank transfer (automatic),79.6,5589.45,Female,No,No,No,DSL,Yes,No,Yes,Yes,Yes,Yes,No,2132
2820,One year,No,Bank transfer (automatic),24.05,1301.9,Male,No,No,No,No service,No service,No service,No service,No service,No service,No service,Yes,1614
1631,Month-to-month,Yes,Bank transfer (automatic),85.35,1463.45,Female,Yes,Yes,No,Fiber optic,Yes,No,Yes,No,No,No,Yes,518
3711,One year,Yes,Bank transfer (automatic),75.75,4264.25,Female,No,Yes,Yes,DSL,Yes,Yes,No,Yes,No,Yes,Yes,1676
284,Month-to-month,No,Mailed check,95.15,1779.95,Male,No,Yes,Yes,Fiber optic,No,No,Yes,No,Yes,Yes,No,548
761,Month-to-month,No,Electronic check,89.25,1907.85,Female,No,No,No,Fiber optic,No,No,No,No,Yes,Yes,No,669
2877,Month-to-month,Yes,Electronic check,99.15,6010.05,Female,No,Yes,Yes,Fiber optic,No,Yes,No,No,Yes,Yes,Yes,1856
1380,One year,Yes,Bank transfer (automatic),98.45,6145.2,Male,No,Yes,Yes,Fiber optic,No,Yes,No,Yes,Yes,Yes,No,1857
3448,Month-to-month,No,Credit card (automatic),61.45,229.55,Male,No,Yes,Yes,DSL,No,No,No,Yes,No,Yes,No,122
1606,Two year,Yes,Credit card (automatic),104.1,7447.7,Male,Yes,Yes,Yes,Fiber optic,Yes,No,Yes,Yes,Yes,Yes,No,2191
4030,Month-to-month,Yes,Mailed check,51.0,286.8,Female,No,No,Yes,DSL,No,No,No,Yes,No,No,No,153
1334,Month-to-month,Yes,Electronic check,25.2,25.2,Female,Yes,No,No,DSL,No,No,No,No,No,No,No service,30
3869,One year,Yes,Electronic check,98.25,4858.7,Male,No,Yes,No,Fiber optic,No,Yes,No,No,Yes,Yes,Yes,1523
1451,Month-to-month,No,Mailed check,69.5,1199.4,Male,No,No,No,DSL,Yes,No,Yes,No,Yes,No,Yes,549
3437,One year,Yes,Credit card (automatic),56.3,2364.0,Female,No,No,No,DSL,No,Yes,No,No,No,No,Yes,1248
3799,Month-to-month,No,Credit card (automatic),65.25,1994.3,Female,No,No,No,DSL,Yes,No,Yes,Yes,No,No,Yes,944
2954,Month-to-month,No,Mailed check,75.45,480.75,Female,No,No,No,Fiber optic,No,No,No,No,No,No,Yes,214
5344,Two year,Yes,Credit card (automatic),76.9,5522.7,Male,No,No,Yes,DSL,Yes,Yes,Yes,Yes,Yes,No,No,2163
6761,Month-to-month,Yes,Mailed check,19.9,19.9,Male,No,No,No,No service,No service,No service,No service,No service,No service,No service,No,31
250,One year,Yes,Electronic check,93.5,4619.55,Female,No,Yes,No,Fiber optic,Yes,Yes,Yes,No,Yes,No,No,1553
2526,Month-to-month,No,Mailed check,19.4,19.4,Male,No,No,No,No service,No service,No service,No service,No service,No service,No service,No,30
1855,Two year,Yes,Mailed check,20.1,936.85,Male,No,Yes,Yes,No service,No service,No service,No service,No service,No service,No service,No,1401
4817,Month-to-month,No,Mailed check,19.9,19.9,Female,No,No,No,No service,No service,No service,No service,No service,No service,No service,No,31
979,One year,Yes,Bank transfer (automatic),54.95,1916.0,Female,No,Yes,Yes,DSL,Yes,No,No,Yes,No,No,No,1067
6783,Two year,No,Mailed check,53.15,1183.2,Female,No,No,Yes,DSL,Yes,Yes,Yes,Yes,Yes,No,No service,641
2508,Two year,Yes,Credit card (automatic),110.5,7069.25,Female,No,No,No,Fiber optic,No,Yes,Yes,Yes,Yes,Yes,Yes,1949
2351,Two year,No,Bank transfer (automatic),67.4,3306.85,Female,No,No,No,DSL,Yes,Yes,Yes,Yes,No,No,No,1492
4139,Month-to-month,Yes,Electronic check,80.5,2088.45,Male,Yes,No,No,Fiber optic,No,Yes,No,No,No,No,Yes,730
1578,Month-to-month,Yes,Mailed check,59.5,415.95,Female,No,No,No,DSL,No,No,No,Yes,Yes,No,No,214
6946,Month-to-month,No,Credit card (automatic),45.55,2108.35,Female,No,No,Yes,DSL,No,Yes,Yes,No,No,Yes,No service,1461
3085,Month-to-month,Yes,Bank transfer (automatic),105.35,323.25,Male,No,No,No,Fiber optic,No,Yes,Yes,No,Yes,Yes,Yes,92
680,Month-to-month,No,Electronic check,80.0,80.0,Male,No,Yes,Yes,Fiber optic,No,No,No,No,No,Yes,No,31
2773,Month-to-month,No,Electronic check,29.1,688.0,Male,No,Yes,No,DSL,No,No,Yes,No,No,No,No service,730
4408,Two year,Yes,Bank transfer (automatic),71.45,5025.85,Female,No,Yes,Yes,DSL,Yes,No,Yes,No,Yes,No,Yes,2191
3896,One year,No,Mailed check,20.3,749.35,Female,No,Yes,Yes,No service,No service,No service,No service,No service,No service,No service,No,1157
3992,Two year,No,Mailed check,84.7,5991.05,Female,No,No,No,DSL,Yes,Yes,Yes,No,Yes,Yes,Yes,2132
3007,Month-to-month,Yes,Electronic check,74.4,2276.95,Female,Yes,No,No,Fiber optic,No,Yes,No,No,No,No,No,975
6251,Month-to-month,No,Electronic check,19.25,19.25,Female,No,Yes,Yes,No service,No service,No service,No service,No service,No service,No service,No,31
1824,Two year,No,Bank transfer (automatic),20.3,1401.15,Male,No,Yes,Yes,No service,No service,No service,No service,No service,No service,No service,No,2191
1366,Month-to-month,Yes,Electronic check,85.6,813.85,Male,No,Yes,No,Fiber optic,No,No,No,No,Yes,No,Yes,304
1154,Two year,Yes,Bank transfer (automatic),24.65,1138.8,Female,No,Yes,Yes,No service,No service,No service,No service,No service,No service,No service,Yes,1371
3375,Two year,No,Bank transfer (automatic),19.9,1389.35,Female,No,Yes,Yes,No service,No service,No service,No service,No service,No service,No service,No,2163
3287,One year,Yes,Electronic check,100.95,1875.55,Male,No,Yes,Yes,Fiber optic,No,No,No,Yes,Yes,Yes,Yes,579
6132,Month-to-month,Yes,Credit card (automatic),53.4,3579.15,Female,No,No,No,DSL,No,No,Yes,Yes,Yes,Yes,No service,2041
5234,One year,No,Bank transfer (automatic),105.75,4228.55,Female,No,Yes,No,Fiber optic,Yes,No,Yes,No,Yes,Yes,Yes,1218
1036,Two year,Yes,Bank transfer (automatic),114.7,7849.85,Male,No,Yes,Yes,Fiber optic,Yes,Yes,Yes,Yes,Yes,Yes,Yes,2071
4186,Two year,Yes,Electronic check,104.05,6590.5,Male,No,No,Yes,Fiber optic,No,No,Yes,Yes,Yes,Yes,Yes,1888
2278,Month-to-month,Yes,Electronic check,48.2,340.35,Female,Yes,No,No,DSL,Yes,No,No,No,No,No,No,215
2785,Two year,No,Electronic check,108.9,2809.05,Female,No,No,No,Fiber optic,No,Yes,Yes,Yes,Yes,Yes,Yes,761
3706,Month-to-month,Yes,Mailed check,84.3,2281.6,Male,No,No,No,Fiber optic,No,No,Yes,Yes,No,No,Yes,792
3761,Two year,Yes,Credit card (automatic),82.65,5919.35,Female,No,Yes,No,DSL,Yes,Yes,Yes,No,Yes,Yes,Yes,2191
3803,Two year,Yes,Electronic check,94.1,5638.3,Male,No,Yes,No,Fiber optic,No,Yes,No,Yes,Yes,No,Yes,1857
2604,Month-to-month,No,Bank transfer (automatic),100.55,2878.75,Female,No,No,No,Fiber optic,No,No,Yes,No,Yes,Yes,Yes,883
4327,Month-to-month,Yes,Mailed check,69.9,497.3,Female,No,No,No,Fiber optic,No,No,No,No,No,No,No,215
3824,Month-to-month,Yes,Mailed check,55.3,238.5,Male,No,No,No,DSL,No,No,No,No,No,Yes,No,123
626,Month-to-month,No,Electronic check,84.25,1968.1,Male,No,Yes,No,Fiber optic,No,Yes,Yes,No,No,No,Yes,702
5013,Month-to-month,Yes,Bank transfer (automatic),34.65,768.45,Male,Yes,No,No,DSL,No,No,No,No,No,Yes,No service,702
768,Month-to-month,Yes,Electronic check,74.25,3089.1,Male,No,No,No,Fiber optic,No,No,No,Yes,No,No,No,1248
3922,Month-to-month,Yes,Credit card (automatic),94.65,6079.0,Male,Yes,Yes,No,Fiber optic,No,No,No,No,Yes,Yes,Yes,2041
978,One year,Yes,Electronic check,103.75,6383.35,Male,Yes,Yes,No,Fiber optic,No,Yes,Yes,No,Yes,Yes,Yes,1887
6889,Month-to-month,Yes,Mailed check,89.85,244.45,Male,No,No,No,Fiber optic,No,No,Yes,Yes,Yes,No,No,92
4853,One year,Yes,Credit card (automatic),94.45,5042.75,Female,No,No,No,Fiber optic,No,Yes,Yes,Yes,No,Yes,No,1614
2377,Month-to-month,Yes,Electronic check,55.3,2654.05,Male,No,No,Yes,DSL,Yes,Yes,No,No,No,No,No,1432
4296,Month-to-month,No,Electronic check,72.25,2568.55,Female,No,Yes,Yes,DSL,Yes,No,Yes,Yes,Yes,No,Yes,1064
3069,Month-to-month,Yes,Mailed check,20.55,187.35,Female,No,No,No,No service,No service,No service,No service,No service,No service,No service,No,306
4491,Month-to-month,Yes,Credit card (automatic),19.75,19.75,Male,No,No,No,No service,No service,No service,No service,No service,No service,No service,No,31
4696,Two year,No,Electronic check,95.8,5655.45,Female,No,No,No,Fiber optic,No,No,Yes,No,Yes,Yes,No,1798
1909,One year,No,Mailed check,20.65,150.0,Male,No,Yes,Yes,No service,No service,No service,No service,No service,No service,No service,No,215
4061,Month-to-month,No,Bank transfer (automatic),50.1,709.5,Female,No,No,No,DSL,Yes,No,No,No,No,No,No,427
4379,Two year,Yes,Bank transfer (automatic),89.95,5974.3,Female,No,Yes,No,Fiber optic,No,No,Yes,No,Yes,No,Yes,2071
5826,Month-to-month,Yes,Bank transfer (automatic),79.35,79.35,Female,No,Yes,No,Fiber optic,No,No,No,No,Yes,No,No,30
7023,Month-to-month,Yes,Electronic check,103.5,6479.4,Female,Yes,Yes,No,Fiber optic,No,Yes,Yes,No,Yes,Yes,Yes,1918
3537,One year,No,Mailed check,53.65,1355.45,Male,No,Yes,Yes,DSL,No,Yes,Yes,No,No,No,No,761
4653,Month-to-month,No,Credit card (automatic),51.2,1561.5,Female,No,Yes,Yes,DSL,No,No,No,Yes,Yes,Yes,No service,914
3812,One year,Yes,Bank transfer (automatic),19.65,351.55,Male,No,No,No,No service,No service,No service,No service,No service,No service,No service,No,518
1351,Month-to-month,Yes,Electronic check,20.45,250.8,Male,No,Yes,Yes,No service,No service,No service,No service,No service,No service,No service,No,337
1421,Month-to-month,Yes,Credit card (automatic),84.4,732.5,Male,Yes,No,No,Fiber optic,No,No,No,No,No,Yes,Yes,275
5809,Month-to-month,Yes,Mailed check,85.95,514.6,Female,No,No,No,Fiber optic,No,Yes,No,No,No,Yes,No,184
1105,Month-to-month,Yes,Electronic check,79.75,769.1,Female,No,Yes,No,Fiber optic,No,No,No,No,No,Yes,No,276
7,Month-to-month,No,Mailed check,29.75,301.9,Female,No,No,No,DSL,Yes,No,No,No,No,No,No service,306
2603,Two year,Yes,Electronic check,114.9,8496.7,Female,No,No,No,Fiber optic,Yes,Yes,Yes,Yes,Yes,Yes,Yes,2191
1062,Month-to-month,No,Bank transfer (automatic),50.2,1815.3,Female,No,Yes,No,DSL,No,No,No,Yes,No,No,No,1036
6948,One year,Yes,Electronic check,103.7,4730.6,Female,No,No,No,Fiber optic,Yes,No,Yes,Yes,Yes,Yes,No,1432
3966,Two year,Yes,Credit card (automatic),107.7,7919.8,Male,No,Yes,Yes,Fiber optic,Yes,Yes,No,Yes,Yes,Yes,Yes,2191
5884,One year,Yes,Bank transfer (automatic),59.9,2816.65,Male,Yes,Yes,No,DSL,No,Yes,Yes,Yes,Yes,Yes,No service,1401
1583,Month-to-month,Yes,Credit card (automatic),48.95,273.25,Female,No,Yes,Yes,DSL,No,No,No,No,No,No,Yes,184
4210,One year,Yes,Electronic check,65.2,3965.05,Female,Yes,Yes,Yes,DSL,No,No,Yes,No,Yes,No,Yes,1857
5965,One year,Yes,Credit card (automatic),63.7,2188.5,Male,No,Yes,Yes,DSL,Yes,No,Yes,No,No,Yes,No,1095
1296,Month-to-month,No,Bank transfer (automatic),80.7,1614.2,Female,Yes,No,No,Fiber optic,No,No,No,No,Yes,No,No,610
4508,Month-to-month,No,Mailed check,19.9,400.3,Female,No,Yes,Yes,No service,No service,No service,No service,No service,No service,No service,No,671
2329,One year,No,Electronic check,94.7,5468.95,Female,No,No,No,Fiber optic,No,Yes,No,Yes,No,Yes,Yes,1737
4087,Month-to-month,Yes,Mailed check,20.9,247.0,Female,No,No,No,No service,No service,No service,No service,No service,No service,No service,No,306
2423,One year,No,Mailed check,20.1,407.05,Female,No,No,No,No service,No service,No service,No service,No service,No service,No service,No,549
5430,Month-to-month,Yes,Credit card (automatic),72.15,794.25,Male,No,No,No,DSL,No,No,No,No,Yes,Yes,Yes,303
4664,Month-to-month,No,Credit card (automatic),74.9,147.15,Female,No,No,No,Fiber optic,No,No,No,No,No,No,Yes,61
5487,One year,Yes,Mailed check,20.15,682.15,Male,No,No,Yes,No service,No service,No service,No service,No service,No service,No service,No,1006
3647,Month-to-month,Yes,Electronic check,69.7,572.85,Male,Yes,No,No,Fiber optic,No,No,No,No,No,No,No,245
6206,Month-to-month,Yes,Credit card (automatic),95.65,5088.4,Male,No,Yes,No,Fiber optic,No,Yes,No,Yes,No,Yes,Yes,1584
4430,Month-to-month,No,Bank transfer (automatic),61.4,1864.65,Female,No,Yes,Yes,DSL,Yes,Yes,No,Yes,No,No,No,975
2080,Two year,Yes,Credit card (automatic),84.1,5981.65,Male,Yes,Yes,No,DSL,Yes,Yes,Yes,No,Yes,Yes,Yes,2191
165,Two year,No,Mailed check,19.9,1363.45,Male,No,Yes,No,No service,No service,No service,No service,No service,No service,No service,No,2102
4393,Month-to-month,Yes,Electronic check,86.5,1808.7,Female,No,Yes,No,Fiber optic,No,No,No,No,No,Yes,Yes,638
5718,Month-to-month,Yes,Credit card (automatic),80.5,463.05,Male,No,No,No,Fiber optic,No,No,No,No,Yes,No,No,183
6023,Two year,No,Credit card (automatic),19.6,967.9,Female,Yes,No,No,No service,No service,No service,No service,No service,No service,No service,No,1553
6185,One year,Yes,Electronic check,103.95,5231.3,Male,No,Yes,No,Fiber optic,Yes,No,Yes,No,Yes,Yes,Yes,1523
1730,Month-to-month,Yes,Electronic check,59.85,59.85,Male,No,No,No,DSL,No,No,No,No,Yes,No,Yes,30
2711,One year,Yes,Bank transfer (automatic),90.1,2598.95,Female,No,Yes,Yes,Fiber optic,No,No,No,No,Yes,Yes,No,852
6974,One year,Yes,Electronic check,98.85,4947.55,Female,No,Yes,No,Fiber optic,No,No,Yes,No,Yes,Yes,Yes,1553
907,One year,Yes,Bank transfer (automatic),65.35,1231.85,Male,No,No,No,DSL,No,Yes,No,Yes,No,Yes,No,580
1467,One year,Yes,Mailed check,73.75,1756.6,Female,No,No,No,DSL,No,No,No,Yes,Yes,Yes,Yes,702
5003,Month-to-month,Yes,Electronic check,74.35,834.2,Male,No,Yes,Yes,Fiber optic,No,No,No,No,No,No,Yes,334
5975,Month-to-month,Yes,Electronic check,89.75,608.8,Male,No,Yes,Yes,Fiber optic,No,Yes,No,Yes,Yes,No,No,214
3024,Month-to-month,No,Mailed check,20.4,184.1,Male,No,No,Yes,No service,No service,No service,No service,No service,No service,No service,No,276
1772,Month-to-month,No,Electronic check,79.0,143.65,Male,No,No,No,Fiber optic,No,No,No,No,Yes,No,No,61
5614,One year,Yes,Bank transfer (automatic),85.5,5696.6,Male,No,Yes,Yes,Fiber optic,Yes,Yes,No,No,No,No,Yes,2071
807,Two year,Yes,Credit card (automatic),108.55,7616.0,Male,No,Yes,No,Fiber optic,Yes,No,Yes,Yes,Yes,Yes,Yes,2163
2237,One year,Yes,Credit card (automatic),45.85,1246.4,Male,No,Yes,Yes,DSL,No,Yes,Yes,No,No,Yes,No service,822
290,Month-to-month,Yes,Electronic check,76.1,1712.7,Male,Yes,No,No,Fiber optic,No,No,No,No,No,No,Yes,730
5048,One year,Yes,Electronic check,99.1,5437.1,Female,Yes,Yes,No,Fiber optic,No,No,Yes,Yes,Yes,Yes,No,1645
38,Month-to-month,Yes,Electronic check,106.35,3549.25,Male,No,No,No,Fiber optic,No,Yes,Yes,No,Yes,Yes,Yes,1033
2222,Month-to-month,Yes,Credit card (automatic),101.15,3956.7,Male,No,Yes,Yes,Fiber optic,No,No,Yes,No,Yes,Yes,Yes,1157
5819,Two year,Yes,Credit card (automatic),115.15,8250.0,Female,No,Yes,Yes,Fiber optic,Yes,Yes,Yes,Yes,Yes,Yes,Yes,2132
6740,Month-to-month,Yes,Credit card (automatic),79.2,3233.85,Female,Yes,No,No,Fiber optic,Yes,Yes,No,No,No,No,No,1217
5512,Month-to-month,Yes,Mailed check,55.3,501.2,Female,No,Yes,Yes,DSL,No,Yes,No,No,No,No,Yes,276
2099,Month-to-month,Yes,Credit card (automatic),78.85,3126.85,Female,No,Yes,No,Fiber optic,No,No,No,Yes,No,No,Yes,1218
5635,Month-to-month,Yes,Mailed check,54.7,1178.75,Female,No,Yes,No,DSL,No,Yes,Yes,No,No,No,No,671
4640,Month-to-month,Yes,Electronic check,70.0,70.0,Male,No,Yes,Yes,Fiber optic,No,No,No,No,No,No,No,31
481,Month-to-month,Yes,Bank transfer (automatic),45.3,2145.0,Female,No,Yes,No,DSL,Yes,No,Yes,No,No,Yes,No service,1461
2206,Month-to-month,Yes,Bank transfer (automatic),95.25,5427.05,Male,Yes,Yes,No,Fiber optic,No,Yes,Yes,No,No,Yes,Yes,1736
6623,Month-to-month,Yes,Electronic check,76.45,76.45,Male,Yes,No,No,Fiber optic,No,No,No,No,No,No,Yes,30
6273,Month-to-month,Yes,Electronic check,70.65,142.35,Female,Yes,No,No,Fiber optic,No,No,No,No,No,No,No,61
1615,One year,Yes,Bank transfer (automatic),20.05,923.1,Female,No,Yes,No,No service,No service,No service,No service,No service,No service,No service,No,1492
24,Month-to-month,No,Credit card (automatic),59.6,2970.3,Male,No,Yes,Yes,DSL,Yes,Yes,No,Yes,No,No,No,1492
3154,Month-to-month,No,Electronic check,72.75,317.75,Female,Yes,No,No,Fiber optic,No,Yes,No,No,No,No,No,123
2646,Two year,Yes,Credit card (automatic),81.8,4534.45,Male,No,No,No,DSL,No,Yes,Yes,Yes,Yes,Yes,No,1706
5954,Month-to-month,Yes,Credit card (automatic),55.0,1165.55,Male,No,No,No,DSL,Yes,Yes,Yes,Yes,Yes,No,No service,610
685,Month-to-month,Yes,Electronic check,49.9,49.9,Female,No,No,No,DSL,No,No,No,Yes,No,No,No,31
1440,One year,No,Credit card (automatic),19.9,153.95,Male,No,Yes,Yes,No service,No service,No service,No service,No service,No service,No service,No,245
2962,Month-to-month,Yes,Mailed check,31.0,95.05,Female,No,Yes,Yes,DSL,No,No,No,Yes,No,No,No service,92
2902,Month-to-month,Yes,Electronic check,74.1,450.9,Female,Yes,No,No,Fiber optic,Yes,No,No,No,No,No,No,184
4527,Two year,Yes,Electronic check,80.45,3201.55,Female,No,No,No,Fiber optic,No,No,Yes,Yes,No,No,No,1186
949,Two year,No,Bank transfer (automatic),20.5,759.35,Male,No,Yes,Yes,No service,No service,No service,No service,No service,No service,No service,No,1067
3553,Two year,No,Bank transfer (automatic),23.4,1429.65,Male,No,No,No,No service,No service,No service,No service,No service,No service,No service,Yes,1888
1092,Two year,No,Credit card (automatic),64.95,4523.25,Male,No,Yes,No,DSL,Yes,Yes,Yes,Yes,No,No,No,2132
2771,Month-to-month,Yes,Mailed check,63.15,816.8,Female,No,Yes,Yes,DSL,Yes,No,Yes,No,No,Yes,No,396
2681,Two year,No,Credit card (automatic),40.4,1842.7,Male,No,Yes,No,DSL,Yes,No,Yes,Yes,No,No,No service,1401
6339,Month-to-month,Yes,Mailed check,49.9,49.9,Male,No,No,Yes,DSL,No,No,No,Yes,No,No,No,30
3844,One year,Yes,Credit card (automatic),85.95,3110.1,Female,No,No,No,DSL,Yes,No,Yes,Yes,Yes,Yes,Yes,1065
1398,Month-to-month,Yes,Electronic check,84.35,1938.05,Female,No,No,No,Fiber optic,Yes,No,No,Yes,No,No,Yes,730
3982,Two year,No,Mailed check,24.35,1654.6,Male,No,No,Yes,No service,No service,No service,No service,No service,No service,No service,Yes,2163
4572,Month-to-month,Yes,Electronic check,106.15,6411.25,Female,No,Yes,No,Fiber optic,No,Yes,Yes,No,Yes,Yes,Yes,1826
3649,Two year,No,Credit card (automatic),25.35,1847.55,Male,No,Yes,Yes,No service,No service,No service,No service,No service,No service,No service,Yes,2163
5806,Month-to-month,Yes,Electronic check,19.6,35.85,Female,No,No,Yes,No service,No service,No service,No service,No service,No service,No service,No,61
715,Month-to-month,Yes,Credit card (automatic),89.15,4245.55,Male,No,No,No,Fiber optic,Yes,No,No,No,Yes,No,Yes,1401
3441,One year,Yes,Mailed check,60.8,2042.05,Female,No,Yes,Yes,DSL,Yes,Yes,Yes,No,No,No,No,1036
3672,One year,Yes,Credit card (automatic),70.15,3715.65,Female,No,Yes,No,DSL,No,No,No,No,Yes,Yes,Yes,1644
6457,One year,No,Credit card (automatic),44.45,792.15,Male,No,Yes,Yes,DSL,Yes,No,Yes,No,Yes,No,No service,518
809,Month-to-month,Yes,Electronic check,69.55,69.55,Male,No,No,No,Fiber optic,No,No,No,No,No,No,No,30
4914,Two year,No,Mailed check,74.55,5430.65,Female,No,Yes,Yes,DSL,Yes,Yes,No,Yes,Yes,No,Yes,2191
760,Month-to-month,No,Mailed check,20.8,20.8,Male,No,No,No,No service,No service,No service,No service,No service,No service,No service,No,31
936,Two year,No,Mailed check,80.85,0.0,Female,No,Yes,Yes,DSL,Yes,Yes,Yes,No,Yes,Yes,No,0
5044,Month-to-month,Yes,Electronic check,104.6,2180.55,Male,No,Yes,No,Fiber optic,Yes,Yes,No,Yes,Yes,Yes,No,671
4505,Two year,Yes,Mailed check,26.0,1776.0,Female,No,Yes,No,No service,No service,No service,No service,No service,No service,No service,Yes,2191
4022,Month-to-month,No,Mailed check,18.85,163.2,Female,No,No,No,No service,No service,No service,No service,No service,No service,No service,No,306
6872,One year,Yes,Credit card (automatic),81.15,5224.5,Female,No,Yes,No,Fiber optic,Yes,No,Yes,No,No,No,No,1918
5194,Month-to-month,Yes,Electronic check,89.4,2001.5,Male,No,No,Yes,Fiber optic,No,Yes,Yes,No,Yes,No,No,669
1033,Two year,No,Bank transfer (automatic),23.65,1416.75,Female,No,Yes,No,No service,No service,No service,No service,No service,No service,No service,Yes,1888
4390,Month-to-month,Yes,Mailed check,57.95,1271.8,Male,No,Yes,Yes,DSL,Yes,Yes,No,Yes,No,No,No,671
2894,One year,Yes,Credit card (automatic),60.35,2896.4,Female,No,No,No,DSL,Yes,No,Yes,Yes,No,No,No,1461
2294,Month-to-month,Yes,Electronic check,106.7,1253.9,Male,No,No,No,Fiber optic,No,Yes,Yes,No,Yes,Yes,Yes,365
2021,Two year,No,Mailed check,108.15,6825.65,Male,No,Yes,Yes,Fiber optic,Yes,Yes,Yes,Yes,Yes,Yes,No,1888
150,Month-to-month,Yes,Electronic check,68.55,564.35,Female,No,Yes,Yes,DSL,No,No,No,Yes,Yes,Yes,No,245
2138,Two year,No,Bank transfer (automatic),69.95,3871.85,Female,No,Yes,Yes,DSL,Yes,No,Yes,Yes,No,Yes,No,1645
3081,Month-to-month,No,Electronic check,77.85,299.2,Male,No,No,No,Fiber optic,No,No,No,No,Yes,No,No,123
6967,Month-to-month,Yes,Electronic check,89.5,2196.15,Male,Yes,No,No,Fiber optic,No,Yes,No,No,Yes,No,Yes,760
2279,Two year,Yes,Credit card (automatic),25.1,1789.9,Male,Yes,No,No,No service,No service,No service,No service,No service,No service,No service,Yes,2191
5465,One year,Yes,Mailed check,56.05,1553.2,Female,No,No,No,DSL,No,Yes,Yes,No,No,No,No,792
404,Two year,Yes,Mailed check,19.7,419.4,Male,No,No,No,No service,No service,No service,No service,No service,No service,No service,No,610
2919,Two year,No,Credit card (automatic),49.65,2409.9,Male,No,Yes,No,DSL,No,Yes,No,No,Yes,Yes,No service,1492
6838,Month-to-month,Yes,Mailed check,99.0,1301.7,Male,No,No,No,Fiber optic,No,No,No,Yes,Yes,Yes,Yes,396
3234,Two year,No,Mailed check,19.7,452.55,Female,No,Yes,Yes,No service,No service,No service,No service,No service,No service,No service,No,730
262,Month-to-month,Yes,Electronic check,89.85,4925.35,Male,Yes,Yes,No,Fiber optic,No,Yes,No,No,No,Yes,Yes,1737
1401,Month-to-month,Yes,Credit card (automatic),99.8,442.85,Female,Yes,No,No,Fiber optic,No,Yes,Yes,No,Yes,Yes,No,123
213,One year,No,Electronic check,20.0,540.05,Female,No,Yes,Yes,No service,No service,No service,No service,No service,No service,No service,No,883
5444,Month-to-month,Yes,Bank transfer (automatic),107.75,4882.8,Male,No,Yes,No,Fiber optic,No,Yes,Yes,No,Yes,Yes,Yes,1371
3031,Month-to-month,Yes,Electronic check,71.05,3444.85,Female,Yes,Yes,No,Fiber optic,No,No,No,No,No,No,No,1522
2011,Month-to-month,No,Electronic check,85.7,4616.1,Male,No,Yes,Yes,DSL,Yes,No,Yes,Yes,Yes,Yes,Yes,1614
